Overall Rank,Season Rank,Player,Team,Org ID,Season,Game Count,Game Numbers,Game Dates,Opponents,Pass Yards
263.0,41.0,Chevan Cordeiro,San Jose St.,630,2023-24,1,[6],['10/07/2023'],['Boise St.'],[325.0]
42.0,6.0,Carter Bradley,South Alabama,646,2023-24,3,"[6, 7, 8]","['10/07/2023', '10/17/2023', '10/28/2023']","['ULM', 'Southern Miss.', 'Louisiana']","[303.0, 319.0, 381.0]"
85.0,17.0,Spencer Rattler,South Carolina,648,2023-24,2,"[9, 10]","['11/04/2023', '11/11/2023']","['Jacksonville St.', 'Vanderbilt']","[399.0, 351.0]"
85.0,17.0,Byrum Brown,South Fla.,651,2023-24,2,"[9, 10]","['11/04/2023', '11/11/2023']","['Memphis', 'Temple']","[357.0, 316.0]"
85.0,17.0,Caleb Williams,Southern California,657,2023-24,2,"[9, 10]","['10/28/2023', '11/04/2023']","['California', 'Washington']","[369.0, 312.0]"
263.0,41.0,Miller Moss,Southern California,657,2023-24,1,[13],['12/27/2023'],['Louisville'],[372.0]
85.0,17.0,Preston Stone,SMU,663,2023-24,2,"[7, 8]","['10/20/2023', '10/28/2023']","['Temple', 'Tulsa']","[300.0, 371.0]"
85.0,17.0,TJ Finley,Texas St.,670,2023-24,2,"[11, 12]","['11/18/2023', '11/25/2023']","['Arkansas St.', 'South Alabama']","[366.0, 368.0]"
263.0,41.0,Ashton Daniels,Stanford,674,2023-24,1,[8],['10/28/2023'],['Washington'],[367.0]
85.0,17.0,E.J. Warner,Temple,690,2023-24,2,"[11, 12]","['11/18/2023', '11/24/2023']","['UAB', 'Memphis']","[323.0, 330.0]"
263.0,41.0,Joe Milton III,Tennessee,694,2023-24,1,[12],['11/25/2023'],['Vanderbilt'],[383.0]
85.0,17.0,Conner Weigman,Texas A&M,697,2023-24,2,"[2, 3]","['09/09/2023', '09/16/2023']","['Miami (FL)', 'ULM']","[336.0, 337.0]"
263.0,41.0,Marcel Reed,Texas A&M,697,2023-24,1,[13],['12/27/2023'],['Oklahoma St.'],[361.0]
263.0,41.0,Max Johnson,Texas A&M,697,2023-24,1,[9],['11/04/2023'],['Ole Miss'],[305.0]
22.0,2.0,Josh Hoover,TCU,698,2023-24,4,"[9, 10, 11, 12]","['11/02/2023', '11/11/2023', '11/18/2023', '11/24/2023']","['Texas Tech', 'Texas', 'Baylor', 'Oklahoma']","[353.0, 302.0, 412.0, 344.0]"
263.0,41.0,Chandler Morris,TCU,698,2023-24,1,[3],['09/16/2023'],['Houston'],[314.0]
263.0,41.0,Tyler Shough,Texas Tech,700,2023-24,1,[1],['09/02/2023'],['Wyoming'],[338.0]
85.0,17.0,Quinn Ewers,Texas,703,2023-24,2,"[13, 14]","['12/02/2023', '01/01/2024']","['Oklahoma St.', 'Washington']","[452.0, 318.0]"
263.0,41.0,Cade McConnell,UTEP,704,2023-24,1,[11],['11/18/2023'],['Middle Tenn.'],[364.0]
263.0,41.0,Frank Harris,UTSA,706,2023-24,1,[11],['11/17/2023'],['South Fla.'],[411.0]
263.0,41.0,Dequan Finn,Toledo,709,2023-24,1,[10],['11/08/2023'],['Eastern Mich.'],[407.0]
85.0,17.0,Gunnar Watson,Troy,716,2023-24,2,"[3, 4]","['09/16/2023', '09/23/2023']","['James Madison', 'Western Ky.']","[333.0, 349.0]"
263.0,41.0,Kirk Francis,Tulsa,719,2023-24,1,[10],['11/11/2023'],['Tulane'],[345.0]
85.0,17.0,Cooper Legas,Utah St.,731,2023-24,2,"[5, 6]","['10/07/2023', '10/13/2023']","['Colorado St.', 'Fresno St.']","[387.0, 363.0]"
263.0,41.0,McCae Hillstead,Utah St.,731,2023-24,1,[3],['09/23/2023'],['James Madison'],[399.0]
263.0,41.0,Bryson Barnes,Utah,732,2023-24,1,[11],['11/18/2023'],['Arizona'],[320.0]
85.0,17.0,AJ Swann,Vanderbilt,736,2023-24,2,"[3, 4]","['09/09/2023', '09/16/2023']","['Wake Forest', 'UNLV']","[314.0, 335.0]"
263.0,41.0,Kyron Drones,Virginia Tech,742,2023-24,1,[7],['10/14/2023'],['Wake Forest'],[321.0]
263.0,41.0,Anthony Colandrea,Virginia,746,2023-24,1,[10],['11/09/2023'],['Louisville'],[314.0]
263.0,41.0,Mitch Griffis,Wake Forest,749,2023-24,1,[3],['09/16/2023'],['Old Dominion'],[312.0]
42.0,6.0,Cameron Ward,Washington St.,754,2023-24,3,"[2, 3, 4]","['09/02/2023', '09/16/2023', '09/23/2023']","['Colorado St.', 'Northern Colo.', 'Oregon St.']","[451.0, 327.0, 404.0]"
14.0,1.0,Michael Penix Jr.,Washington,756,2023-24,5,"[1, 2, 3, 4, 5]","['09/02/2023', '09/09/2023', '09/23/2023', '09/30/2023', '10/14/2023']","['Boise St.', 'Tulsa', 'California', 'Arizona', 'Oregon']","[450.0, 409.0, 304.0, 363.0, 302.0]"
263.0,41.0,Garrett Greene,West Virginia,768,2023-24,1,[5],['10/12/2023'],['Houston'],[391.0]
263.0,41.0,Austin Reed,Western Ky.,772,2023-24,1,[11],['11/18/2023'],['Sam Houston'],[392.0]
263.0,41.0,Caden Veltkamp,Western Ky.,772,2023-24,1,[13],['12/18/2023'],['Old Dominion'],[383.0]
263.0,41.0,Hayden Wolff,Western Mich.,774,2023-24,1,[10],['11/07/2023'],['Central Mich.'],[333.0]
263.0,41.0,Treyson Bourguet,Western Mich.,774,2023-24,1,[5],['09/30/2023'],['Ball St.'],[328.0]
263.0,41.0,Tanner Mordecai,Wisconsin,796,2023-24,1,[13],['01/01/2024'],['LSU'],[378.0]
263.0,41.0,Andrew Peasley,Wyoming,811,2023-24,1,[11],['11/18/2023'],['Hawaii'],[319.0]
263.0,41.0,Kaidon Salter,Liberty,355,2023-24,1,[13],['12/01/2023'],['New Mexico St.'],[319.0]
263.0,41.0,Jacob Zeno,UAB,9,2023-24,1,[9],['11/04/2023'],['Fla. Atlantic'],[484.0]
263.0,41.0,Jalen Milroe,Alabama,8,2023-24,1,[6],['10/07/2023'],['Texas A&M'],[321.0]
85.0,17.0,Joey Aguilar,App State,27,2023-24,2,"[5, 6]","['09/30/2023', '10/10/2023']","['ULM', 'Coastal Carolina']","[335.0, 305.0]"
85.0,17.0,Trenton Bourguet,Arizona St.,28,2023-24,2,"[5, 6]","['09/30/2023', '10/07/2023']","['California', 'Colorado']","[344.0, 335.0]"
263.0,41.0,Jayden de Laura,Arizona,29,2023-24,1,[2],['09/09/2023'],['Mississippi St.'],[342.0]
85.0,17.0,Noah Fifita,Arizona,29,2023-24,2,"[12, 13]","['11/25/2023', '12/28/2023']","['Arizona St.', 'Oklahoma']","[527.0, 354.0]"
263.0,41.0,Jaylen  Raynor,Arkansas St.,30,2023-24,1,[7],['10/21/2023'],['Coastal Carolina'],[306.0]
263.0,41.0,Layne Hatcher,Ball St.,47,2023-24,1,[5],['09/30/2023'],['Western Mich.'],[316.0]
85.0,17.0,Blake Shapen,Baylor,51,2023-24,2,"[6, 7]","['10/07/2023', '10/21/2023']","['Texas Tech', 'Cincinnati']","[324.0, 316.0]"
263.0,41.0,Thomas Castellanos,Boston College,67,2023-24,1,[3],['09/16/2023'],['Florida St.'],[305.0]
263.0,41.0,Connor Bazelak,Bowling Green,71,2023-24,1,[2],['09/09/2023'],['Eastern Ill.'],[319.0]
263.0,41.0,Kedon Slovis,BYU,77,2023-24,1,[4],['09/23/2023'],['Kansas'],[357.0]
263.0,41.0,Mikey Keene,Fresno St.,96,2023-24,1,[13],['12/16/2023'],['New Mexico St.'],[380.0]
263.0,41.0,Timmy McClain,UCF,128,2023-24,1,[3],['09/16/2023'],['Villanova'],[321.0]
263.0,41.0,Emory Jones,Cincinnati,140,2023-24,1,[1],['09/02/2023'],['Eastern Ky.'],[345.0]
263.0,41.0,Cade Klubnik,Clemson,147,2023-24,1,[7],['10/21/2023'],['Miami (FL)'],[314.0]
263.0,41.0,Grayson McCall,Coastal Carolina,149,2023-24,1,[6],['10/10/2023'],['App State'],[373.0]
42.0,6.0,Brayden Fowler-Nicolosi,Colorado St.,156,2023-24,3,"[2, 3, 4]","['09/16/2023', '09/23/2023', '09/30/2023']","['Colorado', 'Middle Tenn.', 'Utah Tech']","[367.0, 321.0, 462.0]"
42.0,6.0,Shedeur Sanders,Colorado,157,2023-24,3,"[1, 2, 3]","['09/09/2023', '09/02/2023', '09/16/2023']","['Nebraska', 'TCU', 'Colorado St.']","[393.0, 510.0, 348.0]"
263.0,41.0,Daniel Richardson,Fla. Atlantic,229,2023-24,1,[6],['10/14/2023'],['South Fla.'],[382.0]
85.0,17.0,Jordan Travis,Florida St.,234,2023-24,2,"[8, 9]","['10/28/2023', '11/04/2023']","['Wake Forest', 'Pittsburgh']","[359.0, 360.0]"
263.0,41.0,Graham Mertz,Florida,235,2023-24,1,[10],['11/11/2023'],['LSU'],[311.0]
42.0,6.0,Davis Brin,Ga. Southern,253,2023-24,3,"[3, 4, 5]","['09/09/2023', '09/23/2023', '09/30/2023']","['UAB', 'Ball St.', 'Coastal Carolina']","[318.0, 344.0, 322.0]"
263.0,41.0,Darren Grainger,Georgia St.,254,2023-24,1,[3],['09/16/2023'],['Charlotte'],[466.0]
263.0,41.0,Haynes King,Georgia Tech,255,2023-24,1,[5],['09/30/2023'],['Bowling Green'],[348.0]
42.0,6.0,Carson Beck,Georgia,257,2023-24,3,"[4, 5, 6]","['09/23/2023', '09/30/2023', '10/07/2023']","['UAB', 'Auburn', 'Kentucky']","[338.0, 313.0, 389.0]"
42.0,6.0,Brayden Schager,Hawaii,277,2023-24,3,"[6, 7, 8]","['09/30/2023', '10/14/2023', '10/21/2023']","['UNLV', 'San Diego St.', 'New Mexico']","[313.0, 427.0, 345.0]"
263.0,41.0,Donovan Smith,Houston,288,2023-24,1,[12],['09/30/2023'],['Texas Tech'],[336.0]
85.0,17.0,John Paddock,Illinois,301,2023-24,2,"[6, 9]","['11/11/2023', '11/25/2023']","['Indiana', 'Northwestern']","[507.0, 334.0]"
263.0,41.0,Luke Altmyer,Illinois,301,2023-24,1,[8],['09/23/2023'],['Fla. Atlantic'],[303.0]
263.0,41.0,Rocco Becht,Iowa St.,311,2023-24,1,[13],['12/29/2023'],['Memphis'],[446.0]
263.0,41.0,Will Howard,Kansas St.,327,2023-24,1,[9],['11/04/2023'],['Texas'],[327.0]
263.0,41.0,Jason Bean,Kansas,328,2023-24,1,[13],['12/26/2023'],['UNLV'],[449.0]
263.0,41.0,Devin Leary,Kentucky,334,2023-24,1,[13],['12/29/2023'],['Clemson'],[306.0]
263.0,41.0,Garrett Nussmeier,LSU,365,2023-24,1,[13],['01/01/2024'],['Wisconsin'],[395.0]
42.0,6.0,Jayden Daniels,LSU,365,2023-24,3,"[3, 4, 5]","['09/16/2023', '09/23/2023', '09/30/2023']","['Mississippi St.', 'Arkansas', 'Ole Miss']","[361.0, 320.0, 414.0]"
85.0,17.0,Hank Bachmeier,Louisiana Tech,366,2023-24,2,"[10, 11]","['11/04/2023', '11/11/2023']","['Liberty', 'Sam Houston']","[304.0, 384.0]"
263.0,41.0,Jack Plummer,Louisville,367,2023-24,1,[11],['11/18/2023'],['Miami (FL)'],[308.0]
85.0,17.0,Cam Fancher,Marshall,388,2023-24,2,"[5, 6]","['10/07/2023', '10/14/2023']","['NC State', 'Georgia St.']","[315.0, 301.0]"
85.0,17.0,Taulia Tagovailoa,Maryland,392,2023-24,2,"[3, 4]","['09/30/2023', '11/25/2023']","['Indiana', 'Rutgers']","[352.0, 361.0]"
263.0,41.0,Carlos Davis,Massachusetts,400,2023-24,1,[5],['09/16/2023'],['Eastern Mich.'],[340.0]
22.0,2.0,Seth Henigan,Memphis,404,2023-24,4,"[8, 9, 10, 11]","['10/28/2023', '11/04/2023', '11/11/2023', '11/18/2023']","['North Texas', 'South Fla.', 'Charlotte', 'SMU']","[330.0, 349.0, 329.0, 402.0]"
263.0,41.0,Brett Gabbert,Miami (OH),414,2023-24,1,[2],['09/09/2023'],['Massachusetts'],[302.0]
263.0,41.0,Tyler Van Dyke,Miami (FL),415,2023-24,1,[11],['11/18/2023'],['Louisville'],[327.0]
263.0,41.0,J.J. McCarthy,Michigan,418,2023-24,1,[3],['11/04/2023'],['Purdue'],[335.0]
263.0,41.0,Nicholas Vattiato,Middle Tenn.,419,2023-24,1,[8],['10/17/2023'],['Liberty'],[332.0]
263.0,41.0,Will Rogers,Mississippi St.,430,2023-24,1,[4],['09/23/2023'],['South Carolina'],[487.0]
263.0,41.0,Jaxson Dart,Ole Miss,433,2023-24,1,[13],['12/30/2023'],['Penn St.'],[379.0]
22.0,2.0,Brady Cook,Missouri,434,2023-24,4,"[3, 4, 5, 6]","['09/16/2023', '09/23/2023', '09/30/2023', '10/07/2023']","['Kansas St.', 'Memphis', 'Vanderbilt', 'LSU']","[356.0, 341.0, 395.0, 411.0]"
85.0,17.0,Drake Maye,North Carolina,457,2023-24,2,"[7, 8]","['10/21/2023', '10/28/2023']","['Virginia', 'Georgia Tech']","[347.0, 310.0]"
263.0,41.0,Jayden Maiava,UNLV,465,2023-24,1,[10],['11/18/2023'],['Air Force'],[339.0]
263.0,41.0,Diego Pavia,New Mexico St.,472,2023-24,1,[2],['09/02/2023'],['Western Ill.'],[317.0]
263.0,41.0,Brennan Armstrong,NC State,490,2023-24,1,[12],['11/25/2023'],['North Carolina'],[334.0]
42.0,6.0,Chandler Rogers,North Texas,497,2023-24,3,"[6, 7, 8]","['10/14/2023', '10/21/2023', '10/28/2023']","['Temple', 'Tulane', 'Memphis']","[307.0, 343.0, 411.0]"
85.0,17.0,Blake Murphy,ULM,498,2023-24,2,"[7, 8]","['10/21/2023', '10/28/2023']","['Ga. Southern', 'Arkansas St.']","[320.0, 300.0]"
263.0,41.0,Ben Bryant,Northwestern,509,2023-24,1,[3],['09/23/2023'],['Minnesota'],[396.0]
263.0,41.0,Sam Hartman,Notre Dame,513,2023-24,1,[5],['09/16/2023'],['Central Mich.'],[330.0]
263.0,41.0,Kyle McCord,Ohio St.,518,2023-24,1,[11],['11/11/2023'],['Michigan St.'],[335.0]
263.0,41.0,Kurtis Rourke,Ohio,519,2023-24,1,[9],['10/28/2023'],['Miami (OH)'],[313.0]
85.0,17.0,Alan Bowman,Oklahoma St.,521,2023-24,2,"[11, 12]","['11/18/2023', '11/25/2023']","['Houston', 'BYU']","[348.0, 321.0]"
42.0,6.0,Dillon Gabriel,Oklahoma,522,2023-24,3,"[3, 4, 5]","['09/16/2023', '09/23/2023', '09/30/2023']","['Tulsa', 'Cincinnati', 'Iowa St.']","[421.0, 322.0, 366.0]"
263.0,41.0,Jackson Arnold,Oklahoma,522,2023-24,1,[13],['12/28/2023'],['Arizona'],[361.0]
22.0,2.0,Bo Nix,Oregon,529,2023-24,4,"[9, 10, 11, 12]","['11/04/2023', '11/11/2023', '11/18/2023', '11/24/2023']","['California', 'Southern California', 'Arizona St.', 'Oregon St.']","[386.0, 412.0, 404.0, 367.0]"
263.0,41.0,Drew Allar,Penn St.,539,2023-24,1,[9],['09/02/2023'],['West Virginia'],[325.0]
263.0,41.0,Christian Veilleux,Pittsburgh,545,2023-24,1,[7],['10/21/2023'],['Wake Forest'],[302.0]
263.0,41.0,Hudson Card,Purdue,559,2023-24,1,[7],['09/16/2023'],['Syracuse'],[323.0]
85.0,17.0,JT Daniels,Rice,574,2023-24,2,"[6, 7]","['10/07/2023', '10/19/2023']","['UConn', 'Tulsa']","[362.0, 342.0]"
42.0,6.0,Jordan McCloud,James Madison,317,2023-24,3,"[8, 9, 10]","['10/28/2023', '11/04/2023', '11/11/2023']","['Old Dominion', 'Georgia St.', 'UConn']","[340.0, 307.0, 457.0]"
263.0,41.0,Keegan Shoemaker,Sam Houston,624,2023-24,1,[7],['10/18/2023'],['FIU'],[306.0]
85.0,12.0,Chevan Cordeiro,San Jose St.,630,2022-23,2,"[6, 7]","['10/15/2022', '10/29/2022']","['Fresno St.', 'Nevada']","[302.0, 340.0]"
263.0,52.0,Carter Bradley,South Alabama,646,2022-23,1,[13],['12/21/2022'],['Western Ky.'],[360.0]
85.0,12.0,Spencer Rattler,South Carolina,648,2022-23,2,"[11, 12]","['11/19/2022', '11/26/2022']","['Tennessee', 'Clemson']","[438.0, 360.0]"
42.0,6.0,Caleb Williams,Southern California,657,2022-23,3,"[7, 8, 9]","['10/15/2022', '10/29/2022', '11/05/2022']","['Utah', 'Arizona', 'California']","[381.0, 411.0, 360.0]"
85.0,12.0,Tanner Mordecai,SMU,663,2022-23,2,"[3, 4]","['09/17/2022', '09/24/2022']","['Maryland', 'TCU']","[369.0, 372.0]"
263.0,52.0,Layne Hatcher,Texas St.,670,2022-23,1,[4],['09/24/2022'],['Houston Christian'],[362.0]
85.0,12.0,Ben Wooldridge,Louisiana,671,2022-23,2,"[6, 7]","['10/22/2022', '10/27/2022']","['Arkansas St.', 'Southern Miss.']","[316.0, 370.0]"
263.0,52.0,Tanner McKee,Stanford,674,2022-23,1,[12],['11/26/2022'],['BYU'],[313.0]
263.0,52.0,Garrett Shrader,Syracuse,688,2022-23,1,[13],['12/29/2022'],['Minnesota'],[330.0]
85.0,12.0,E.J. Warner,Temple,690,2022-23,2,"[9, 10]","['11/05/2022', '11/12/2022']","['South Fla.', 'Houston']","[344.0, 486.0]"
263.0,52.0,Hendon Hooker,Tennessee,694,2022-23,1,[10],['11/12/2022'],['Missouri'],[355.0]
263.0,52.0,Haynes King,Texas A&M,697,2022-23,1,[1],['09/03/2022'],['Sam Houston'],[364.0]
263.0,52.0,Conner Weigman,Texas A&M,697,2022-23,1,[8],['10/29/2022'],['Ole Miss'],[338.0]
85.0,12.0,Max Duggan,TCU,698,2022-23,2,"[4, 5]","['10/01/2022', '10/08/2022']","['Oklahoma', 'Kansas']","[302.0, 308.0]"
85.0,12.0,Donovan Smith,Texas Tech,700,2022-23,2,"[4, 5]","['09/24/2022', '10/01/2022']","['Texas', 'Kansas St.']","[331.0, 359.0]"
85.0,12.0,Behren Morton,Texas Tech,700,2022-23,2,"[6, 7]","['10/08/2022', '10/22/2022']","['Oklahoma St.', 'West Virginia']","[379.0, 325.0]"
263.0,52.0,Tyler Shough,Texas Tech,700,2022-23,1,[12],['11/26/2022'],['Oklahoma'],[436.0]
263.0,52.0,Hudson Card,Texas,703,2022-23,1,[5],['10/01/2022'],['West Virginia'],[303.0]
263.0,52.0,Quinn Ewers,Texas,703,2022-23,1,[13],['12/29/2022'],['Washington'],[369.0]
263.0,52.0,Gavin Hardison,UTEP,704,2022-23,1,[7],['10/08/2022'],['Louisiana Tech'],[320.0]
85.0,12.0,Frank Harris,UTSA,706,2022-23,2,"[12, 13]","['11/26/2022', '12/02/2022']","['UTEP', 'North Texas']","[382.0, 341.0]"
263.0,52.0,Tucker Gleason,Toledo,709,2022-23,1,[11],['11/15/2022'],['Bowling Green'],[329.0]
263.0,52.0,Dequan Finn,Toledo,709,2022-23,1,[10],['11/08/2022'],['Ball St.'],[301.0]
85.0,12.0,Gunnar Watson,Troy,716,2022-23,2,"[12, 13]","['09/10/2022', '12/03/2022']","['Alabama A&M', 'Coastal Carolina']","[351.0, 318.0]"
85.0,12.0,Michael Pratt,Tulane,718,2022-23,2,"[12, 13]","['10/15/2022', '12/03/2022']","['South Fla.', 'UCF']","[329.0, 394.0]"
42.0,6.0,Davis Brin,Tulsa,719,2022-23,3,"[1, 2, 3]","['09/03/2022', '09/10/2022', '09/17/2022']","['Wyoming', 'NIU', 'Jacksonville St.']","[460.0, 322.0, 424.0]"
85.0,12.0,Braylon Braxton,Tulsa,719,2022-23,2,"[11, 12]","['11/18/2022', '11/26/2022']","['South Fla.', 'Houston']","[302.0, 316.0]"
263.0,52.0,Logan Bonner,Utah St.,731,2022-23,1,[4],['09/24/2022'],['UNLV'],[313.0]
263.0,52.0,Cooper Legas,Utah St.,731,2022-23,1,[12],['11/25/2022'],['Boise St.'],[306.0]
263.0,52.0,Cameron Rising,Utah,732,2022-23,1,[13],['12/02/2022'],['Southern California'],[310.0]
263.0,52.0,Grant Wells,Virginia Tech,742,2022-23,1,[3],['09/17/2022'],['Wofford'],[314.0]
263.0,52.0,Brennan Armstrong,Virginia,746,2022-23,1,[6],['10/08/2022'],['Louisville'],[313.0]
22.0,3.0,Sam Hartman,Wake Forest,749,2022-23,4,"[9, 10, 11, 12]","['11/05/2022', '11/12/2022', '11/19/2022', '11/26/2022']","['NC State', 'North Carolina', 'Syracuse', 'Duke']","[397.0, 320.0, 331.0, 347.0]"
85.0,12.0,Cameron Ward,Washington St.,754,2022-23,2,"[4, 5]","['09/24/2022', '10/01/2022']","['Oregon', 'California']","[375.0, 343.0]"
5.0,1.0,Michael Penix Jr.,Washington,756,2022-23,8,"[1, 2, 3, 4, 5, 6, 7, 8]","['09/03/2022', '09/10/2022', '09/17/2022', '09/24/2022', '09/30/2022', '10/08/2022', '10/15/2022', '10/22/2022']","['Kent St.', 'Portland St.', 'Michigan St.', 'Stanford', 'UCLA', 'Arizona St.', 'Arizona', 'California']","[345.0, 337.0, 397.0, 309.0, 345.0, 311.0, 516.0, 374.0]"
263.0,52.0,JT Daniels,West Virginia,768,2022-23,1,[2],['09/10/2022'],['Kansas'],[365.0]
22.0,3.0,Austin Reed,Western Ky.,772,2022-23,4,"[3, 4, 5, 6]","['09/17/2022', '09/24/2022', '10/01/2022', '10/08/2022']","['Indiana', 'FIU', 'Troy', 'UTSA']","[329.0, 383.0, 406.0, 373.0]"
263.0,52.0,Jacob Zeno,UAB,9,2022-23,1,[9],['11/05/2022'],['UTSA'],[332.0]
263.0,52.0,Jeff Undercuffler,Akron,5,2022-23,1,[12],['11/26/2022'],['NIU'],[312.0]
85.0,12.0,DJ Irons,Akron,5,2022-23,2,"[8, 9]","['10/22/2022', '10/29/2022']","['Kent St.', 'Miami (OH)']","[384.0, 316.0]"
85.0,12.0,Bryce Young,Alabama,8,2022-23,2,"[12, 13]","['11/26/2022', '12/31/2022']","['Auburn', 'Kansas St.']","[343.0, 321.0]"
263.0,52.0,Chase Brice,App State,27,2022-23,1,[6],['10/08/2022'],['Texas St.'],[395.0]
85.0,12.0,Trenton Bourguet,Arizona St.,28,2022-23,2,"[8, 9]","['10/29/2022', '11/05/2022']","['Colorado', 'UCLA']","[435.0, 349.0]"
85.0,12.0,Jayden de Laura,Arizona,29,2022-23,2,"[10, 11]","['11/12/2022', '11/19/2022']","['UCLA', 'Washington St.']","[315.0, 357.0]"
263.0,52.0,KJ Jefferson,Arkansas,31,2022-23,1,[7],['10/15/2022'],['BYU'],[367.0]
263.0,52.0,Robby Ashford,Auburn,37,2022-23,1,[5],['10/01/2022'],['LSU'],[337.0]
85.0,12.0,John Paddock,Ball St.,47,2022-23,2,"[4, 5]","['09/24/2022', '10/01/2022']","['Ga. Southern', 'NIU']","[338.0, 403.0]"
85.0,12.0,Blake Shapen,Baylor,51,2022-23,2,"[5, 6]","['10/01/2022', '10/13/2022']","['Oklahoma St.', 'West Virginia']","[345.0, 326.0]"
263.0,52.0,Taylen Green,Boise St.,66,2022-23,1,[8],['10/29/2022'],['Colorado St.'],[305.0]
85.0,12.0,Emmett Morehead,Boston College,67,2022-23,2,"[9, 10]","['11/04/2022', '11/12/2022']","['Duke', 'NC State']","[330.0, 330.0]"
263.0,52.0,Phil Jurkovec,Boston College,67,2022-23,1,[5],['10/01/2022'],['Louisville'],[304.0]
263.0,52.0,Matt McDonald,Bowling Green,71,2022-23,1,[11],['11/15/2022'],['Toledo'],[395.0]
85.0,12.0,Jaren Hall,BYU,77,2022-23,2,"[10, 11]","['11/05/2022', '11/19/2022']","['Boise St.', 'Utah Tech']","[377.0, 456.0]"
263.0,52.0,Cole Snyder,Buffalo,86,2022-23,1,[2],['09/10/2022'],['Holy Cross'],[305.0]
22.0,3.0,Jake Haener,Fresno St.,96,2022-23,4,"[8, 9, 10, 11]","['10/29/2022', '11/05/2022', '11/11/2022', '11/19/2022']","['San Diego St.', 'Hawaii', 'UNLV', 'Nevada']","[394.0, 327.0, 313.0, 361.0]"
263.0,52.0,Jack Plummer,California,107,2022-23,1,[12],['11/25/2022'],['UCLA'],[318.0]
263.0,52.0,Dorian Thompson-Robinson,UCLA,110,2022-23,1,[11],['11/19/2022'],['Southern California'],[309.0]
85.0,12.0,John Rhys Plumlee,UCF,128,2022-23,2,"[5, 6]","['10/05/2022', '10/13/2022']","['SMU', 'Temple']","[316.0, 373.0]"
263.0,52.0,Daniel Richardson,Central Mich.,129,2022-23,1,[1],['09/01/2022'],['Oklahoma St.'],[424.0]
85.0,12.0,Ben Bryant,Cincinnati,140,2022-23,2,"[3, 4]","['09/17/2022', '09/24/2022']","['Miami (OH)', 'Indiana']","[337.0, 354.0]"
263.0,52.0,DJ Uiagalelei,Clemson,147,2022-23,1,[4],['09/24/2022'],['Wake Forest'],[371.0]
263.0,52.0,Cade Klubnik,Clemson,147,2022-23,1,[14],['12/30/2022'],['Tennessee'],[320.0]
263.0,52.0,Grayson McCall,Coastal Carolina,149,2022-23,1,[12],['12/03/2022'],['Troy'],[319.0]
263.0,52.0,Riley Leonard,Duke,193,2022-23,1,[12],['11/26/2022'],['Wake Forest'],[391.0]
85.0,12.0,Holton Ahlers,East Carolina,196,2022-23,2,"[12, 13]","['11/26/2022', '12/27/2022']","['Temple', 'Coastal Carolina']","[314.0, 300.0]"
263.0,52.0,Taylor Powell,Eastern Mich.,204,2022-23,1,[12],['09/10/2022'],['Louisiana'],[317.0]
263.0,52.0,N'Kosi Perry,Fla. Atlantic,229,2022-23,1,[11],['11/19/2022'],['Middle Tenn.'],[325.0]
263.0,52.0,Haden Carlson,FIU,231,2022-23,1,[12],['11/26/2022'],['Middle Tenn.'],[414.0]
85.0,12.0,Grayson James,FIU,231,2022-23,2,"[7, 8]","['10/22/2022', '10/28/2022']","['Charlotte', 'Louisiana Tech']","[306.0, 321.0]"
263.0,52.0,Jordan Travis,Florida St.,234,2022-23,1,[13],['12/29/2022'],['Oklahoma'],[418.0]
263.0,52.0,Anthony Richardson,Florida,235,2022-23,1,[11],['11/19/2022'],['Vanderbilt'],[400.0]
85.0,12.0,Kyle Vantrease,Ga. Southern,253,2022-23,2,"[12, 13]","['11/26/2022', '12/27/2022']","['App State', 'Buffalo']","[389.0, 352.0]"
263.0,52.0,Darren Grainger,Georgia St.,254,2022-23,1,[12],['11/26/2022'],['Marshall'],[303.0]
263.0,52.0,Jeff Sims,Georgia Tech,255,2022-23,1,[4],['09/24/2022'],['UCF'],[314.0]
85.0,12.0,Stetson Bennett,Georgia,257,2022-23,2,"[14, 15]","['01/09/2023', '12/31/2022']","['TCU', 'Ohio St.']","[304.0, 398.0]"
263.0,52.0,Brayden Schager,Hawaii,277,2022-23,1,[11],['11/12/2022'],['Utah St.'],[306.0]
85.0,12.0,Clayton Tune,Houston,288,2022-23,2,"[11, 12]","['11/19/2022', '11/26/2022']","['East Carolina', 'Tulsa']","[435.0, 386.0]"
263.0,52.0,Tommy Devito,Illinois,301,2022-23,1,[4],['09/22/2022'],['Chattanooga'],[332.0]
263.0,52.0,Connor Bazelak,Indiana,306,2022-23,1,[3],['09/17/2022'],['Western Ky.'],[364.0]
85.0,12.0,Hunter Dekkers,Iowa St.,311,2022-23,2,"[7, 8]","['10/15/2022', '10/29/2022']","['Texas', 'Oklahoma']","[329.0, 308.0]"
263.0,52.0,Adrian Martinez,Kansas St.,327,2022-23,1,[9],['11/05/2022'],['Texas'],[329.0]
263.0,52.0,Jalon Daniels,Kansas,328,2022-23,1,[13],['12/28/2022'],['Arkansas'],[544.0]
85.0,12.0,Collin Schlee,Kent St.,331,2022-23,2,"[5, 6]","['10/01/2022', '10/08/2022']","['Ohio', 'Miami (OH)']","[398.0, 306.0]"
85.0,12.0,Will Levis,Kentucky,334,2022-23,2,"[3, 4]","['09/17/2022', '09/24/2022']","['Youngstown St.', 'NIU']","[377.0, 303.0]"
85.0,12.0,Jayden Daniels,LSU,365,2022-23,2,"[6, 7]","['10/08/2022', '10/15/2022']","['Tennessee', 'Florida']","[300.0, 349.0]"
263.0,52.0,Parker McNeil,Louisiana Tech,366,2022-23,1,[6],['10/15/2022'],['North Texas'],[424.0]
263.0,52.0,Cam Fancher,Marshall,388,2022-23,1,[8],['10/29/2022'],['Coastal Carolina'],[320.0]
263.0,52.0,Henry Colombi,Marshall,388,2022-23,1,[3],['09/17/2022'],['Bowling Green'],[338.0]
85.0,12.0,Taulia Tagovailoa,Maryland,392,2022-23,2,"[5, 6]","['10/01/2022', '10/08/2022']","['Michigan St.', 'Purdue']","[314.0, 315.0]"
85.0,12.0,Seth Henigan,Memphis,404,2022-23,2,"[7, 8]","['10/15/2022', '10/22/2022']","['East Carolina', 'Tulane']","[395.0, 312.0]"
85.0,12.0,Tyler Van Dyke,Miami (FL),415,2022-23,2,"[5, 6]","['10/08/2022', '10/15/2022']","['North Carolina', 'Virginia Tech']","[496.0, 342.0]"
263.0,52.0,Payton Thorne,Michigan St.,416,2022-23,1,[3],['09/17/2022'],['Washington'],[323.0]
263.0,52.0,J.J. McCarthy,Michigan,418,2022-23,1,[14],['12/31/2022'],['TCU'],[343.0]
85.0,12.0,Chase Cunningham,Middle Tenn.,419,2022-23,2,"[4, 5]","['09/24/2022', '09/30/2022']","['Miami (FL)', 'UTSA']","[408.0, 368.0]"
263.0,52.0,Athan Kaliakmanis,Minnesota,428,2022-23,1,[12],['11/26/2022'],['Wisconsin'],[319.0]
42.0,6.0,Will Rogers,Mississippi St.,430,2022-23,3,"[4, 5, 6]","['09/24/2022', '10/01/2022', '10/08/2022']","['Bowling Green', 'Texas A&M', 'Arkansas']","[409.0, 329.0, 406.0]"
263.0,52.0,Jaxson Dart,Ole Miss,433,2022-23,1,[13],['12/28/2022'],['Texas Tech'],[361.0]
14.0,2.0,Drake Maye,North Carolina,457,2022-23,5,"[4, 5, 6, 7, 8]","['09/24/2022', '10/01/2022', '10/08/2022', '10/15/2022', '10/29/2022']","['Notre Dame', 'Virginia Tech', 'Miami (FL)', 'Duke', 'Pittsburgh']","[301.0, 363.0, 309.0, 380.0, 388.0]"
263.0,52.0,Chris Reynolds,Charlotte,458,2022-23,1,[6],['10/01/2022'],['UTEP'],[347.0]
263.0,52.0,Casey Thompson,Nebraska,463,2022-23,1,[7],['10/15/2022'],['Purdue'],[354.0]
263.0,52.0,Doug Brumfield,UNLV,465,2022-23,1,[1],['08/27/2022'],['Idaho St.'],[356.0]
263.0,52.0,Nate Cox,Nevada,466,2022-23,1,[3],['09/10/2022'],['UIW'],[302.0]
263.0,52.0,Diego Pavia,New Mexico St.,472,2022-23,1,[12],['12/03/2022'],['Valparaiso'],[323.0]
263.0,52.0,Devin Leary,NC State,490,2022-23,1,[4],['09/24/2022'],['UConn'],[320.0]
42.0,6.0,Austin Aune,North Texas,497,2022-23,3,"[8, 9, 10]","['10/22/2022', '10/29/2022', '11/05/2022']","['UTSA', 'Western Ky.', 'FIU']","[325.0, 322.0, 414.0]"
263.0,52.0,Chandler Rogers,ULM,498,2022-23,1,[9],['11/05/2022'],['Texas St.'],[310.0]
85.0,12.0,Ryan Hilinski,Northwestern,509,2022-23,2,"[1, 2]","['08/27/2022', '09/10/2022']","['Nebraska', 'Duke']","[314.0, 435.0]"
263.0,52.0,Drew Pyne,Notre Dame,513,2022-23,1,[12],['11/26/2022'],['Southern California'],[318.0]
85.0,12.0,C.J. Stroud,Ohio St.,518,2022-23,2,"[12, 13]","['11/26/2022', '12/31/2022']","['Michigan', 'Georgia']","[349.0, 348.0]"
42.0,6.0,Kurtis Rourke,Ohio,519,2022-23,3,"[4, 5, 6]","['09/24/2022', '10/01/2022', '10/08/2022']","['Fordham', 'Kent St.', 'Akron']","[537.0, 322.0, 427.0]"
263.0,52.0,Garret Rangel,Oklahoma St.,521,2022-23,1,[9],['11/05/2022'],['Kansas'],[304.0]
263.0,52.0,Spencer Sanders,Oklahoma St.,521,2022-23,1,[11],['11/19/2022'],['Oklahoma'],[381.0]
263.0,52.0,Dillon Gabriel,Oklahoma,522,2022-23,1,[12],['11/26/2022'],['Texas Tech'],[449.0]
263.0,52.0,Hayden Wolff,Old Dominion,523,2022-23,1,[11],['11/19/2022'],['App State'],[308.0]
263.0,52.0,Bo Nix,Oregon,529,2022-23,1,[12],['11/26/2022'],['Oregon St.'],[327.0]
263.0,52.0,Sean Clifford,Penn St.,539,2022-23,1,[8],['10/29/2022'],['Ohio St.'],[371.0]
263.0,52.0,Kedon Slovis,Pittsburgh,545,2022-23,1,[5],['10/01/2022'],['Georgia Tech'],[305.0]
42.0,6.0,Aidan O'Connell,Purdue,559,2022-23,3,"[6, 7, 8]","['10/08/2022', '10/15/2022', '10/22/2022']","['Maryland', 'Nebraska', 'Wisconsin']","[360.0, 391.0, 320.0]"
85.0,12.0,TJ McMahon,Rice,574,2022-23,2,"[3, 4]","['09/17/2022', '09/24/2022']","['Louisiana', 'Houston']","[303.0, 334.0]"
263.0,52.0,Evan Simon,Rutgers,587,2022-23,1,[4],['09/24/2022'],['Iowa'],[300.0]
263.0,52.0,Jalen Mayden,San Diego St.,626,2022-23,1,[13],['12/24/2022'],['Middle Tenn.'],[309.0]
85.0,12.0,Todd Centeio,James Madison,317,2022-23,2,"[5, 6]","['10/08/2022', '10/15/2022']","['Arkansas St.', 'Ga. Southern']","[394.0, 468.0]"
85.0,19.0,Nick Starkel,San Jose St.,630,2021-22,2,"[1, 2]","['08/28/2021', '09/04/2021']","['Southern Utah', 'Southern California']","[394.0, 308.0]"
85.0,19.0,Jake Bentley,South Alabama,646,2021-22,2,"[5, 6]","['10/14/2021', '10/23/2021']","['Ga. Southern', 'ULM']","[389.0, 320.0]"
263.0,42.0,Jaxson Dart,Southern California,657,2021-22,1,[11],['11/20/2021'],['UCLA'],[325.0]
263.0,42.0,Kedon Slovis,Southern California,657,2021-22,1,[6],['10/09/2021'],['Utah'],[401.0]
22.0,10.0,Tanner Mordecai,SMU,663,2021-22,4,"[5, 6, 7, 8]","['10/02/2021', '10/09/2021', '10/21/2021', '10/30/2021']","['South Fla.', 'Navy', 'Tulane', 'Houston']","[301.0, 324.0, 427.0, 305.0]"
263.0,42.0,Jake Lange,Southern Miss.,664,2021-22,1,[5],['10/02/2021'],['Rice'],[304.0]
263.0,42.0,Levi Lewis,Louisiana,671,2021-22,1,[2],['09/11/2021'],['Nicholls'],[304.0]
263.0,42.0,Tanner McKee,Stanford,674,2021-22,1,[5],['10/08/2021'],['Arizona St.'],[356.0]
263.0,42.0,D'Wan Mathis,Temple,690,2021-22,1,[5],['10/02/2021'],['Memphis'],[324.0]
263.0,42.0,Hendon Hooker,Tennessee,694,2021-22,1,[13],['12/30/2021'],['Purdue'],[378.0]
263.0,42.0,Chandler Morris,TCU,698,2021-22,1,[9],['11/06/2021'],['Baylor'],[461.0]
263.0,42.0,Max Duggan,TCU,698,2021-22,1,[6],['10/16/2021'],['Oklahoma'],[346.0]
263.0,42.0,Tyler Shough,Texas Tech,700,2021-22,1,[2],['09/18/2021'],['FIU'],[399.0]
263.0,42.0,Henry Colombi,Texas Tech,700,2021-22,1,[5],['10/09/2021'],['TCU'],[344.0]
263.0,42.0,Donovan Smith,Texas Tech,700,2021-22,1,[9],['11/13/2021'],['Iowa St.'],[322.0]
263.0,42.0,Casey Thompson,Texas,703,2021-22,1,[10],['11/13/2021'],['Kansas'],[358.0]
263.0,42.0,Gavin Hardison,UTEP,704,2021-22,1,[11],['11/20/2021'],['Rice'],[366.0]
263.0,42.0,Frank Harris,UTSA,706,2021-22,1,[11],['11/20/2021'],['UAB'],[323.0]
263.0,42.0,Dequan Finn,Toledo,709,2021-22,1,[9],['11/02/2021'],['Eastern Mich.'],[461.0]
263.0,42.0,Gunnar Watson,Troy,716,2021-22,1,[10],['11/13/2021'],['Louisiana'],[350.0]
263.0,42.0,Taylor Powell,Troy,716,2021-22,1,[4],['09/25/2021'],['ULM'],[311.0]
263.0,42.0,Michael Pratt,Tulane,718,2021-22,1,[11],['11/20/2021'],['South Fla.'],[311.0]
85.0,19.0,Davis Brin,Tulsa,719,2021-22,2,"[3, 4]","['09/18/2021', '09/25/2021']","['Ohio St.', 'Arkansas St.']","[428.0, 355.0]"
85.0,19.0,Logan Bonner,Utah St.,731,2021-22,2,"[12, 13]","['11/26/2021', '12/04/2021']","['New Mexico', 'San Diego St.']","[312.0, 318.0]"
263.0,42.0,Cameron Rising,Utah,732,2021-22,1,[5],['10/09/2021'],['Southern California'],[306.0]
263.0,42.0,Ken Seals,Vanderbilt,736,2021-22,1,[5],['10/02/2021'],['UConn'],[333.0]
8.0,4.0,Brennan Armstrong,Virginia,746,2021-22,6,"[6, 7, 8, 10, 11, 12]","['10/09/2021', '10/16/2021', '10/30/2021', '11/20/2021', '11/27/2021', '10/23/2021']","['Louisville', 'Duke', 'BYU', 'Pittsburgh', 'Virginia Tech', 'Georgia Tech']","[487.0, 364.0, 337.0, 487.0, 405.0, 396.0]"
14.0,7.0,Sam Hartman,Wake Forest,749,2021-22,5,"[5, 6, 7, 8, 9]","['10/02/2021', '10/09/2021', '10/23/2021', '10/30/2021', '11/06/2021']","['Louisville', 'Syracuse', 'Army West Point', 'Duke', 'North Carolina']","[324.0, 330.0, 458.0, 402.0, 398.0]"
263.0,42.0,Jayden de Laura,Washington St.,754,2021-22,1,[6],['10/09/2021'],['Oregon St.'],[399.0]
263.0,42.0,Dylan Morris,Washington,756,2021-22,1,[11],['11/20/2021'],['Colorado'],[387.0]
263.0,42.0,Jarret Doege,West Virginia,768,2021-22,1,[8],['10/30/2021'],['Iowa St.'],[370.0]
1.0,1.0,Bailey Zappe,Western Ky.,772,2021-22,11,"[1, 2, 3, 4, 5, 6, 7, 8, 9, 10, 11]","['09/02/2021', '09/11/2021', '09/25/2021', '10/02/2021', '10/09/2021', '10/16/2021', '10/23/2021', '10/30/2021', '11/13/2021', '11/20/2021', '11/27/2021']","['UT Martin', 'Army West Point', 'Indiana', 'Michigan St.', 'UTSA', 'Old Dominion', 'FIU', 'Charlotte', 'Rice', 'Fla. Atlantic', 'Marshall']","[424.0, 435.0, 365.0, 488.0, 523.0, 397.0, 382.0, 393.0, 482.0, 470.0, 328.0]"
85.0,19.0,Kaleb Eleby,Western Mich.,774,2021-22,2,"[11, 12]","['11/16/2021', '11/23/2021']","['Eastern Mich.', 'NIU']","[307.0, 338.0]"
263.0,42.0,Malik Willis,Liberty,355,2021-22,1,[12],['11/27/2021'],['Army West Point'],[305.0]
263.0,42.0,Tyler Johnston III,UAB,9,2021-22,1,[1],['09/01/2021'],['Jacksonville St.'],[319.0]
263.0,42.0,Dylan Hopkins,UAB,9,2021-22,1,[8],['10/23/2021'],['Rice'],[318.0]
85.0,19.0,Zach Gibson,Akron,5,2021-22,2,"[9, 10]","['11/02/2021', '11/09/2021']","['Ball St.', 'Western Mich.']","[331.0, 305.0]"
22.0,10.0,Bryce Young,Alabama,8,2021-22,4,"[6, 7, 8, 9]","['10/09/2021', '10/16/2021', '10/23/2021', '11/06/2021']","['Texas A&M', 'Mississippi St.', 'Tennessee', 'LSU']","[369.0, 348.0, 371.0, 302.0]"
263.0,42.0,Chase Brice,App State,27,2021-22,1,[14],['12/18/2021'],['Western Ky.'],[317.0]
263.0,42.0,Gunner Cruz,Arizona,29,2021-22,1,[1],['09/04/2021'],['BYU'],[336.0]
263.0,42.0,Will Plummer,Arizona,29,2021-22,1,[12],['11/27/2021'],['Arizona St.'],[346.0]
85.0,19.0,James Blackman,Arkansas St.,30,2021-22,2,"[4, 5]","['09/25/2021', '10/02/2021']","['Tulsa', 'Ga. Southern']","[321.0, 302.0]"
263.0,42.0,Layne Hatcher,Arkansas St.,30,2021-22,1,[10],['11/13/2021'],['ULM'],[444.0]
263.0,42.0,KJ Jefferson,Arkansas,31,2021-22,1,[11],['11/20/2021'],['Alabama'],[326.0]
263.0,42.0,Bo Nix,Auburn,37,2021-22,1,[10],['11/13/2021'],['Mississippi St.'],[377.0]
263.0,42.0,Drew Plitt,Ball St.,47,2021-22,1,[6],['10/09/2021'],['Western Mich.'],[310.0]
263.0,42.0,Gerry Bohanon,Baylor,51,2021-22,1,[6],['10/09/2021'],['West Virginia'],[336.0]
263.0,42.0,Hank Bachmeier,Boise St.,66,2021-22,1,[5],['10/02/2021'],['Nevada'],[388.0]
263.0,42.0,Phil Jurkovec,Boston College,67,2021-22,1,[10],['11/13/2021'],['Georgia Tech'],[310.0]
263.0,42.0,Dennis Grosel,Boston College,67,2021-22,1,[5],['10/02/2021'],['Clemson'],[311.0]
263.0,42.0,Matt McDonald,Bowling Green,71,2021-22,1,[2],['09/11/2021'],['South Alabama'],[308.0]
263.0,42.0,Baylor Romney,BYU,77,2021-22,1,[4],['09/25/2021'],['South Fla.'],[305.0]
85.0,19.0,Jaren Hall,BYU,77,2021-22,2,"[6, 7]","['10/09/2021', '10/16/2021']","['Boise St.', 'Baylor']","[302.0, 342.0]"
22.0,10.0,Jake Haener,Fresno St.,96,2021-22,4,"[3, 4, 5, 6]","['09/11/2021', '09/18/2021', '09/24/2021', '10/02/2021']","['Cal Poly', 'UCLA', 'UNLV', 'Hawaii']","[380.0, 455.0, 378.0, 388.0]"
263.0,42.0,Chase Garbers,California,107,2021-22,1,[4],['09/25/2021'],['Washington'],[319.0]
263.0,42.0,Dorian Thompson-Robinson,UCLA,110,2021-22,1,[10],['11/20/2021'],['Southern California'],[349.0]
263.0,42.0,Dillon Gabriel,UCF,128,2021-22,1,[12],['09/11/2021'],['Bethune-Cookman'],[312.0]
263.0,42.0,Daniel Richardson,Central Mich.,129,2021-22,1,[5],['10/02/2021'],['Miami (OH)'],[326.0]
263.0,42.0,Desmond Ridder,Cincinnati,140,2021-22,1,[12],['11/26/2021'],['East Carolina'],[301.0]
263.0,42.0,Grayson McCall,Coastal Carolina,149,2021-22,1,[13],['12/17/2021'],['NIU'],[315.0]
263.0,42.0,Todd Centeio,Colorado St.,156,2021-22,1,[11],['11/20/2021'],['Hawaii'],[527.0]
85.0,19.0,Gunnar Holmberg,Duke,193,2021-22,2,"[3, 4]","['09/18/2021', '09/25/2021']","['Northwestern', 'Kansas']","[314.0, 328.0]"
85.0,19.0,Holton Ahlers,East Carolina,196,2021-22,2,"[10, 11]","['11/13/2021', '11/20/2021']","['Memphis', 'Navy']","[313.0, 405.0]"
85.0,19.0,Ben Bryant,Eastern Mich.,204,2021-22,2,"[9, 10]","['11/02/2021', '11/09/2021']","['Toledo', 'Ohio']","[354.0, 354.0]"
263.0,42.0,N'Kosi Perry,Fla. Atlantic,229,2021-22,1,[12],['11/27/2021'],['Middle Tenn.'],[328.0]
263.0,42.0,Max Bortenschlager,FIU,231,2021-22,1,[9],['11/06/2021'],['Old Dominion'],[315.0]
263.0,42.0,Emory Jones,Florida,235,2021-22,1,[10],['11/13/2021'],['Samford'],[464.0]
263.0,42.0,Jeff Sims,Georgia Tech,255,2021-22,1,[12],['10/23/2021'],['Virginia'],[300.0]
85.0,19.0,Stetson Bennett,Georgia,257,2021-22,2,"[13, 14]","['12/04/2021', '12/31/2021']","['Alabama', 'Michigan']","[340.0, 313.0]"
263.0,42.0,JT Daniels,Georgia,257,2021-22,1,[3],['09/18/2021'],['South Carolina'],[303.0]
85.0,19.0,Chevan Cordeiro,Hawaii,277,2021-22,2,"[12, 13]","['11/20/2021', '11/27/2021']","['Colorado St.', 'Wyoming']","[406.0, 323.0]"
85.0,19.0,Clayton Tune,Houston,288,2021-22,2,"[8, 9]","['10/30/2021', '11/06/2021']","['SMU', 'South Fla.']","[412.0, 385.0]"
263.0,42.0,Michael Penix Jr.,Indiana,306,2021-22,1,[4],['09/25/2021'],['Western Ky.'],[373.0]
263.0,42.0,Brock Purdy,Iowa St.,311,2021-22,1,[10],['11/13/2021'],['Texas Tech'],[356.0]
263.0,42.0,Skylar Thompson,Kansas St.,327,2021-22,1,[7],['10/23/2021'],['Texas Tech'],[306.0]
263.0,42.0,Jason Bean,Kansas,328,2021-22,1,[4],['09/25/2021'],['Duke'],[323.0]
85.0,19.0,Dustin Crum,Kent St.,331,2021-22,2,"[9, 10]","['11/03/2021', '11/10/2021']","['NIU', 'Central Mich.']","[322.0, 322.0]"
263.0,42.0,Will Levis,Kentucky,334,2021-22,1,[11],['11/20/2021'],['New Mexico St.'],[419.0]
85.0,19.0,Max Johnson,LSU,365,2021-22,2,"[11, 12]","['11/20/2021', '11/27/2021']","['ULM', 'Texas A&M']","[319.0, 306.0]"
263.0,42.0,Aaron Allen,Louisiana Tech,366,2021-22,1,[10],['11/13/2021'],['Charlotte'],[324.0]
85.0,19.0,Austin Kendall,Louisiana Tech,366,2021-22,2,"[3, 5]","['09/18/2021', '10/02/2021']","['SMU', 'NC State']","[351.0, 341.0]"
263.0,42.0,Malik Cunningham,Louisville,367,2021-22,1,[11],['11/18/2021'],['Duke'],[303.0]
42.0,14.0,Grant Wells,Marshall,388,2021-22,3,"[1, 2, 3]","['09/04/2021', '09/11/2021', '09/18/2021']","['Navy', 'N.C. Central', 'East Carolina']","[333.0, 344.0, 433.0]"
42.0,14.0,Taulia Tagovailoa,Maryland,392,2021-22,3,"[8, 9, 10]","['10/30/2021', '11/06/2021', '11/13/2021']","['Indiana', 'Penn St.', 'Michigan St.']","[419.0, 371.0, 350.0]"
42.0,14.0,Seth Henigan,Memphis,404,2021-22,3,"[4, 5, 6]","['09/25/2021', '10/02/2021', '10/09/2021']","['UTSA', 'Temple', 'Tulsa']","[329.0, 305.0, 463.0]"
85.0,19.0,Brett Gabbert,Miami (OH),414,2021-22,2,"[9, 10]","['11/02/2021', '11/09/2021']","['Ohio', 'Buffalo']","[492.0, 351.0]"
8.0,4.0,Tyler Van Dyke,Miami (FL),415,2021-22,6,"[7, 8, 9, 10, 11, 12]","['10/23/2021', '10/30/2021', '11/06/2021', '11/13/2021', '11/20/2021', '11/27/2021']","['NC State', 'Pittsburgh', 'Georgia Tech', 'Florida St.', 'Virginia Tech', 'Duke']","[325.0, 426.0, 389.0, 316.0, 357.0, 381.0]"
263.0,42.0,D'Eriq King,Miami (FL),415,2021-22,1,[3],['09/18/2021'],['Michigan St.'],[388.0]
85.0,19.0,Payton Thorne,Michigan St.,416,2021-22,2,"[5, 6]","['10/02/2021', '10/09/2021']","['Western Ky.', 'Rutgers']","[327.0, 339.0]"
263.0,42.0,Cade McNamara,Michigan,418,2021-22,1,[8],['10/30/2021'],['Michigan St.'],[383.0]
263.0,42.0,Chase Cunningham,Middle Tenn.,419,2021-22,1,[4],['09/24/2021'],['Charlotte'],[379.0]
263.0,42.0,Nicholas Vattiato,Middle Tenn.,419,2021-22,1,[10],['11/20/2021'],['Old Dominion'],[304.0]
3.0,2.0,Will Rogers,Mississippi St.,430,2021-22,10,"[3, 4, 5, 6, 7, 8, 9, 10, 11, 12]","['09/18/2021', '09/25/2021', '10/02/2021', '10/16/2021', '10/23/2021', '10/30/2021', '11/06/2021', '11/13/2021', '11/20/2021', '11/25/2021']","['Memphis', 'LSU', 'Texas A&M', 'Alabama', 'Vanderbilt', 'Kentucky', 'Arkansas', 'Auburn', 'Tennessee St.', 'Ole Miss']","[419.0, 371.0, 408.0, 300.0, 384.0, 344.0, 417.0, 415.0, 391.0, 336.0]"
263.0,42.0,Matt Corral,Ole Miss,433,2021-22,1,[11],['11/20/2021'],['Vanderbilt'],[331.0]
42.0,14.0,Connor Bazelak,Missouri,434,2021-22,3,"[3, 4, 5]","['09/18/2021', '09/25/2021', '10/02/2021']","['Southeast Mo. St.', 'Boston College', 'Tennessee']","[346.0, 303.0, 322.0]"
22.0,10.0,Sam Howell,North Carolina,457,2021-22,4,"[2, 3, 4, 5]","['09/11/2021', '09/18/2021', '09/25/2021', '10/02/2021']","['Georgia St.', 'Virginia', 'Georgia Tech', 'Duke']","[352.0, 307.0, 306.0, 321.0]"
263.0,42.0,Chris Reynolds,Charlotte,458,2021-22,1,[10],['11/13/2021'],['Louisiana Tech'],[448.0]
263.0,42.0,Adrian Martinez,Nebraska,463,2021-22,1,[11],['11/20/2021'],['Wisconsin'],[351.0]
263.0,42.0,Cameron Friel,UNLV,465,2021-22,1,[5],['10/02/2021'],['UTSA'],[307.0]
263.0,42.0,Justin Rogers,UNLV,465,2021-22,1,[11],['11/19/2021'],['San Diego St.'],[305.0]
7.0,3.0,Carson Strong,Nevada,466,2021-22,7,"[5, 6, 7, 8, 9, 10, 11]","['10/09/2021', '10/16/2021', '10/23/2021', '10/29/2021', '11/06/2021', '11/13/2021', '11/19/2021']","['New Mexico St.', 'Hawaii', 'Fresno St.', 'UNLV', 'San Jose St.', 'San Diego St.', 'Air Force']","[377.0, 395.0, 476.0, 417.0, 314.0, 350.0, 340.0]"
263.0,42.0,Dino Maldonado,New Mexico St.,472,2021-22,1,[4],['09/18/2021'],['South Carolina St.'],[321.0]
85.0,19.0,Jonah Johnson,New Mexico St.,472,2021-22,2,"[6, 7]","['10/02/2021', '10/09/2021']","['San Jose St.', 'Nevada']","[300.0, 425.0]"
263.0,42.0,Terry Wilson Jr.,New Mexico,473,2021-22,1,[2],['09/11/2021'],['New Mexico St.'],[381.0]
14.0,7.0,Devin Leary,NC State,490,2021-22,5,"[7, 8, 9, 10, 11]","['10/23/2021', '10/30/2021', '11/06/2021', '11/13/2021', '11/20/2021']","['Miami (FL)', 'Louisville', 'Florida St.', 'Wake Forest', 'Syracuse']","[310.0, 317.0, 314.0, 408.0, 303.0]"
263.0,42.0,Jace Ruder,North Texas,497,2021-22,1,[2],['09/11/2021'],['SMU'],[366.0]
263.0,42.0,Austin Aune,North Texas,497,2021-22,1,[5],['10/09/2021'],['Missouri'],[305.0]
263.0,42.0,Chandler Rogers,ULM,498,2021-22,1,[7],['10/23/2021'],['South Alabama'],[369.0]
85.0,19.0,Rocky Lombardi,NIU,503,2021-22,2,"[8, 9]","['10/23/2021', '11/03/2021']","['Central Mich.', 'Kent St.']","[348.0, 532.0]"
85.0,19.0,Jack Coan,Notre Dame,513,2021-22,2,"[12, 13]","['11/27/2021', '01/01/2022']","['Stanford', 'Oklahoma St.']","[345.0, 509.0]"
8.0,4.0,C.J. Stroud,Ohio St.,518,2021-22,6,"[8, 9, 10, 11, 12, 13]","['10/30/2021', '11/06/2021', '11/13/2021', '11/20/2021', '11/27/2021', '01/01/2022']","['Penn St.', 'Nebraska', 'Purdue', 'Michigan St.', 'Michigan', 'Utah']","[305.0, 405.0, 361.0, 432.0, 394.0, 573.0]"
263.0,42.0,Kyle McCord,Ohio St.,518,2021-22,1,[4],['09/25/2021'],['Akron'],[319.0]
263.0,42.0,Kurtis Rourke,Ohio,519,2021-22,1,[8],['10/23/2021'],['Kent St.'],[308.0]
263.0,42.0,Shane Illingworth,Oklahoma St.,521,2021-22,1,[1],['09/04/2021'],['Missouri St.'],[315.0]
263.0,42.0,Spencer Sanders,Oklahoma St.,521,2021-22,1,[15],['01/01/2022'],['Notre Dame'],[371.0]
263.0,42.0,Spencer Rattler,Oklahoma,522,2021-22,1,[1],['09/04/2021'],['Tulane'],[304.0]
263.0,42.0,Caleb Williams,Oklahoma,522,2021-22,1,[9],['10/30/2021'],['Texas Tech'],[402.0]
263.0,42.0,Hayden Wolff,Old Dominion,523,2021-22,1,[12],['11/27/2021'],['Charlotte'],[328.0]
263.0,42.0,Chance Nolan,Oregon St.,528,2021-22,1,[12],['11/27/2021'],['Oregon'],[308.0]
263.0,42.0,Anthony Brown,Oregon,529,2021-22,1,[14],['12/29/2021'],['Oklahoma'],[306.0]
85.0,19.0,Sean Clifford,Penn St.,539,2021-22,2,"[8, 9]","['10/30/2021', '11/06/2021']","['Ohio St.', 'Maryland']","[361.0, 363.0]"
14.0,7.0,Kenny Pickett,Pittsburgh,545,2021-22,5,"[7, 8, 9, 10, 11]","['10/23/2021', '10/30/2021', '11/06/2021', '11/11/2021', '11/20/2021']","['Clemson', 'Miami (FL)', 'Duke', 'North Carolina', 'Virginia']","[302.0, 519.0, 416.0, 346.0, 340.0]"
42.0,14.0,Aidan O'Connell,Purdue,559,2021-22,3,"[9, 10, 11]","['11/06/2021', '11/13/2021', '11/20/2021']","['Michigan St.', 'Ohio St.', 'Northwestern']","[536.0, 390.0, 423.0]"
263.0,42.0,Jack Plummer,Purdue,559,2021-22,1,[1],['09/04/2021'],['Oregon St.'],[313.0]
263.0,42.0,Jake Constantine,Rice,574,2021-22,1,[10],['11/13/2021'],['Western Ky.'],[380.0]
263.0,42.0,Noah Vedral,Rutgers,587,2021-22,1,[3],['09/18/2021'],['Delaware'],[323.0]
263.0,42.0,Lucas Johnson,San Diego St.,626,2021-22,1,[14],['12/21/2021'],['UTSA'],[333.0]
263.0,39.0,Bryson Lucero,UAB,9,2020-21,1,[3],['09/24/2020'],['South Alabama'],[319.0]
22.0,5.0,Mac Jones,Alabama,8,2020-21,4,"[2, 3, 4, 5]","['10/03/2020', '10/10/2020', '10/17/2020', '10/24/2020']","['Texas A&M', 'Ole Miss', 'Georgia', 'Tennessee']","[435.0, 417.0, 417.0, 387.0]"
263.0,39.0,Layne Hatcher,Arkansas St.,30,2020-21,1,[9],['12/05/2020'],['ULM'],[326.0]
263.0,39.0,Feleipe Franks,Arkansas,31,2020-21,1,[7],['11/21/2020'],['LSU'],[339.0]
263.0,39.0,Bo Nix,Auburn,37,2020-21,1,[6],['10/31/2020'],['LSU'],[300.0]
85.0,14.0,Drew Plitt,Ball St.,47,2020-21,2,"[3, 4]","['11/28/2020', '11/04/2020']","['Toledo', 'Miami (OH)']","[304.0, 309.0]"
263.0,39.0,Charlie Brewer,Baylor,51,2020-21,1,[8],['11/28/2020'],['Kansas St.'],[349.0]
263.0,39.0,Dennis Grosel,Boston College,67,2020-21,1,[10],['12/05/2020'],['Virginia'],[520.0]
22.0,5.0,Phil Jurkovec,Boston College,67,2020-21,4,"[1, 2, 3, 4]","['09/19/2020', '10/03/2020', '10/10/2020', '10/17/2020']","['Duke', 'North Carolina', 'Pittsburgh', 'Virginia Tech']","[300.0, 313.0, 358.0, 345.0]"
14.0,3.0,Zach Wilson,BYU,77,2020-21,5,"[8, 9, 10, 11, 12]","['10/02/2020', '11/06/2020', '09/26/2020', '10/02/2020', '12/12/2020']","['Louisiana Tech', 'Boise St.', 'Troy', 'Louisiana Tech', 'San Diego St.']","[325.0, 360.0, 392.0, 325.0, 303.0]"
263.0,39.0,Kyle Vantrease,Buffalo,86,2020-21,1,[6],['12/18/2020'],['Ball St.'],[365.0]
42.0,9.0,Jake Haener,Fresno St.,96,2020-21,3,"[4, 5, 6]","['11/14/2020', '12/05/2020', '12/12/2020']","['Utah St.', 'Nevada', 'New Mexico']","[422.0, 485.0, 350.0]"
263.0,39.0,Chase Garbers,California,107,2020-21,1,[1],['11/21/2020'],['Oregon St.'],[315.0]
85.0,14.0,Dorian Thompson-Robinson,UCLA,110,2020-21,2,"[1, 2]","['12/12/2020', '11/07/2020']","['Southern California', 'Colorado']","[364.0, 303.0]"
8.0,1.0,Dillon Gabriel,UCF,128,2020-21,6,"[1, 2, 3, 4, 5, 6]","['09/19/2020', '09/26/2020', '10/03/2020', '10/17/2020', '10/24/2020', '10/31/2020']","['Georgia Tech', 'East Carolina', 'Tulsa', 'Memphis', 'Tulane', 'Houston']","[417.0, 408.0, 330.0, 601.0, 422.0, 328.0]"
85.0,14.0,Desmond Ridder,Cincinnati,140,2020-21,2,"[6, 7]","['11/13/2020', '11/21/2020']","['East Carolina', 'UCF']","[327.0, 338.0]"
263.0,39.0,DJ Uiagalelei,Clemson,147,2020-21,1,[10],['11/07/2020'],['Notre Dame'],[439.0]
85.0,14.0,Trevor Lawrence,Clemson,147,2020-21,2,"[11, 12]","['12/19/2020', '01/01/2021']","['Notre Dame', 'Ohio St.']","[322.0, 400.0]"
263.0,39.0,Grayson McCall,Coastal Carolina,149,2020-21,1,[12],['12/26/2020'],['Liberty'],[318.0]
85.0,14.0,Holton Ahlers,East Carolina,196,2020-21,2,"[5, 6]","['10/30/2020', '11/07/2020']","['Tulsa', 'Tulane']","[330.0, 351.0]"
85.0,14.0,Preston Hutchinson,Eastern Mich.,204,2020-21,2,"[3, 4]","['11/27/2020', '12/05/2020']","['Central Mich.', 'Western Mich.']","[365.0, 315.0]"
8.0,1.0,Kyle Trask,Florida,235,2020-21,6,"[3, 4, 5, 6, 7, 8]","['10/10/2020', '12/12/2020', '10/31/2020', '11/07/2020', '11/14/2020', '11/21/2020']","['Texas A&M', 'LSU', 'Missouri', 'Georgia', 'Arkansas', 'Vanderbilt']","[312.0, 474.0, 345.0, 474.0, 356.0, 383.0]"
85.0,14.0,Cornelious Brown,Georgia St.,254,2020-21,2,"[8, 9]","['11/21/2020', '11/28/2020']","['South Alabama', 'Ga. Southern']","[334.0, 372.0]"
263.0,39.0,JT Daniels,Georgia,257,2020-21,1,[10],['01/01/2021'],['Cincinnati'],[392.0]
263.0,39.0,Chevan Cordeiro,Hawaii,277,2020-21,1,[3],['11/07/2020'],['New Mexico'],[410.0]
42.0,9.0,Clayton Tune,Houston,288,2020-21,3,"[2, 3, 4]","['10/08/2020', '10/16/2020', '10/24/2020']","['Tulane', 'BYU', 'Navy']","[319.0, 310.0, 316.0]"
85.0,14.0,Michael Penix Jr.,Indiana,306,2020-21,2,"[5, 6]","['11/07/2020', '11/14/2020']","['Michigan', 'Michigan St.']","[342.0, 320.0]"
263.0,39.0,Brock Purdy,Iowa St.,311,2020-21,1,[12],['12/19/2020'],['Oklahoma'],[322.0]
263.0,39.0,Skylar Thompson,Kansas St.,327,2020-21,1,[2],['09/26/2020'],['Oklahoma'],[334.0]
85.0,14.0,Dustin Crum,Kent St.,331,2020-21,2,"[2, 3]","['11/17/2020', '11/28/2020']","['Akron', 'Buffalo']","[348.0, 343.0]"
42.0,9.0,Myles Brennan,LSU,365,2020-21,3,"[1, 2, 3]","['09/26/2020', '10/03/2020', '10/10/2020']","['Mississippi St.', 'Vanderbilt', 'Missouri']","[345.0, 337.0, 430.0]"
263.0,39.0,Max Johnson,LSU,365,2020-21,1,[10],['12/19/2020'],['Ole Miss'],[435.0]
263.0,39.0,Luke Anthony,Louisiana Tech,366,2020-21,1,[2],['09/26/2020'],['Houston Christian'],[314.0]
85.0,14.0,Malik Cunningham,Louisville,367,2020-21,2,"[1, 2]","['09/12/2020', '09/19/2020']","['Western Ky.', 'Miami (FL)']","[343.0, 307.0]"
263.0,39.0,Grant Wells,Marshall,388,2020-21,1,[6],['11/14/2020'],['Middle Tenn.'],[336.0]
263.0,39.0,Taulia Tagovailoa,Maryland,392,2020-21,1,[4],['10/30/2020'],['Minnesota'],[394.0]
22.0,5.0,Brady White,Memphis,404,2020-21,4,"[4, 5, 6, 7]","['10/17/2020', '10/24/2020', '10/31/2020', '11/07/2020']","['UCF', 'Temple', 'Cincinnati', 'South Fla.']","[486.0, 313.0, 316.0, 437.0]"
263.0,39.0,Brett Gabbert,Miami (OH),414,2020-21,1,[1],['11/28/2020'],['Akron'],[308.0]
85.0,14.0,D'Eriq King,Miami (FL),415,2020-21,2,"[6, 7]","['10/24/2020', '11/06/2020']","['Virginia', 'NC State']","[322.0, 430.0]"
263.0,39.0,Payton Thorne,Michigan St.,416,2020-21,1,[3],['12/12/2020'],['Penn St.'],[325.0]
263.0,39.0,Rocky Lombardi,Michigan St.,416,2020-21,1,[6],['10/31/2020'],['Michigan'],[323.0]
263.0,39.0,Joe Milton III,Michigan,418,2020-21,1,[6],['10/31/2020'],['Michigan St.'],[300.0]
263.0,39.0,Asher O'Hara,Middle Tenn.,419,2020-21,1,[7],['10/24/2020'],['Rice'],[333.0]
85.0,14.0,Will Rogers,Mississippi St.,430,2020-21,2,"[7, 8]","['11/21/2020', '11/28/2020']","['Georgia', 'Ole Miss']","[336.0, 440.0]"
263.0,39.0,K.J. Costello,Mississippi St.,430,2020-21,1,[10],['10/03/2020'],['Arkansas'],[313.0]
42.0,9.0,Matt Corral,Ole Miss,433,2020-21,3,"[6, 7, 8]","['10/31/2020', '11/14/2020', '11/28/2020']","['Vanderbilt', 'South Carolina', 'Mississippi St.']","[412.0, 513.0, 385.0]"
85.0,14.0,Connor Bazelak,Missouri,434,2020-21,2,"[3, 4]","['10/10/2020', '11/28/2020']","['LSU', 'Vanderbilt']","[406.0, 318.0]"
263.0,39.0,Sam Howell,North Carolina,457,2020-21,1,[10],['10/17/2020'],['Florida St.'],[374.0]
263.0,39.0,Chris Reynolds,Charlotte,458,2020-21,1,[2],['10/03/2020'],['Fla. Atlantic'],[314.0]
14.0,3.0,Carson Strong,Nevada,466,2020-21,5,"[2, 3, 4, 5, 6]","['12/05/2020', '11/14/2020', '10/24/2020', '10/31/2020', '11/05/2020']","['Fresno St.', 'New Mexico', 'Wyoming', 'UNLV', 'Utah St.']","[354.0, 336.0, 420.0, 350.0, 411.0]"
85.0,14.0,Bailey Hockman,NC State,490,2020-21,2,"[10, 11]","['11/28/2020', '12/05/2020']","['Syracuse', 'Georgia Tech']","[313.0, 309.0]"
263.0,39.0,Devin Leary,NC State,490,2020-21,1,[3],['10/03/2020'],['Pittsburgh'],[336.0]
85.0,14.0,Austin Aune,North Texas,497,2020-21,2,"[3, 4]","['10/03/2020', '10/10/2020']","['Southern Miss.', 'Charlotte']","[339.0, 382.0]"
263.0,39.0,Colby Suits,ULM,498,2020-21,1,[4],['10/03/2020'],['Ga. Southern'],[334.0]
263.0,39.0,Jeremy Hunt,ULM,498,2020-21,1,[8],['11/07/2020'],['Georgia St.'],[339.0]
263.0,39.0,Ross Bowers,NIU,503,2020-21,1,[6],['11/18/2020'],['Ball St.'],[300.0]
263.0,39.0,Ian Book,Notre Dame,513,2020-21,1,[11],['11/07/2020'],['Clemson'],[310.0]
42.0,9.0,Justin Fields,Ohio St.,518,2020-21,3,"[2, 3, 4]","['10/31/2020', '11/07/2020', '11/21/2020']","['Penn St.', 'Rutgers', 'Indiana']","[318.0, 314.0, 300.0]"
263.0,39.0,Spencer Sanders,Oklahoma St.,521,2020-21,1,[14],['12/29/2020'],['Miami (FL)'],[305.0]
85.0,14.0,Spencer Rattler,Oklahoma,522,2020-21,2,"[2, 3]","['09/26/2020', '10/03/2020']","['Kansas St.', 'Iowa St.']","[387.0, 300.0]"
263.0,39.0,Tristan Gebbia,Oregon St.,528,2020-21,1,[4],['11/07/2020'],['Washington St.'],[329.0]
263.0,39.0,Tyler Shough,Oregon,529,2020-21,1,[6],['11/21/2020'],['UCLA'],[334.0]
263.0,39.0,Sean Clifford,Penn St.,539,2020-21,1,[5],['11/07/2020'],['Maryland'],[340.0]
263.0,39.0,Kenny Pickett,Pittsburgh,545,2020-21,1,[9],['11/21/2020'],['Virginia Tech'],[404.0]
85.0,14.0,Jack Plummer,Purdue,559,2020-21,2,"[2, 4]","['12/05/2020', '11/20/2020']","['Nebraska', 'Minnesota']","[334.0, 367.0]"
263.0,39.0,Aidan O'Connell,Purdue,559,2020-21,1,[6],['10/31/2020'],['Illinois'],[371.0]
263.0,39.0,Mike Collins,Rice,574,2020-21,1,[4],['11/21/2020'],['North Texas'],[327.0]
263.0,39.0,Noah Vedral,Rutgers,587,2020-21,1,[8],['11/21/2020'],['Michigan'],[381.0]
85.0,14.0,Nick Starkel,San Jose St.,630,2020-21,2,"[2, 3]","['10/31/2020', '12/11/2020']","['New Mexico', 'Nevada']","[467.0, 306.0]"
263.0,39.0,Jordan McCloud,South Fla.,651,2020-21,1,[8],['11/27/2020'],['UCF'],[404.0]
85.0,14.0,Kedon Slovis,Southern California,657,2020-21,2,"[5, 6]","['12/12/2020', '12/18/2020']","['UCLA', 'Oregon']","[344.0, 320.0]"
85.0,14.0,Shane Buechele,SMU,663,2020-21,2,"[7, 8]","['10/31/2020', '11/07/2020']","['Navy', 'Temple']","[300.0, 355.0]"
263.0,39.0,Jack Abraham,Southern Miss.,664,2020-21,1,[1],['09/03/2020'],['South Alabama'],[314.0]
263.0,39.0,Tyler Vitt,Texas St.,670,2020-21,1,[2],['09/12/2020'],['UTSA'],[346.0]
263.0,39.0,Brady McBride,Texas St.,670,2020-21,1,[9],['11/21/2020'],['Arkansas St.'],[443.0]
263.0,39.0,Levi Lewis,Louisiana,671,2020-21,1,[7],['10/31/2020'],['Texas St.'],[332.0]
263.0,39.0,Davis Mills,Stanford,674,2020-21,1,[6],['12/19/2020'],['UCLA'],[428.0]
263.0,39.0,Anthony Russo,Temple,690,2020-21,1,[3],['10/24/2020'],['Memphis'],[387.0]
85.0,14.0,Kellen Mond,Texas A&M,697,2020-21,2,"[2, 3]","['10/03/2020', '10/10/2020']","['Alabama', 'Florida']","[318.0, 338.0]"
85.0,14.0,Alan Bowman,Texas Tech,700,2020-21,2,"[1, 2]","['09/12/2020', '09/26/2020']","['Houston Christian', 'Texas']","[430.0, 331.0]"
263.0,39.0,Sam Ehlinger,Texas,703,2020-21,1,[1],['09/12/2020'],['UTEP'],[426.0]
263.0,39.0,Gavin Hardison,UTEP,704,2020-21,1,[4],['09/26/2020'],['ULM'],[302.0]
263.0,39.0,Frank Harris,UTSA,706,2020-21,1,[8],['11/14/2020'],['UTEP'],[312.0]
263.0,39.0,Eli Peters,Toledo,709,2020-21,1,[4],['11/28/2020'],['Ball St.'],[363.0]
263.0,39.0,Carter Bradley,Toledo,709,2020-21,1,[2],['12/05/2020'],['NIU'],[432.0]
85.0,14.0,Gunnar Watson,Troy,716,2020-21,2,"[4, 5]","['10/10/2020', '10/17/2020']","['Texas St.', 'Eastern Ky.']","[338.0, 333.0]"
85.0,14.0,Jacob Free,Troy,716,2020-21,2,"[6, 7]","['10/24/2020', '10/31/2020']","['Georgia St.', 'Arkansas St.']","[329.0, 419.0]"
263.0,39.0,Zach Smith,Tulsa,719,2020-21,1,[10],['12/31/2020'],['Mississippi St.'],[347.0]
85.0,14.0,Ken Seals,Vanderbilt,736,2020-21,2,"[5, 6]","['10/31/2020', '11/07/2020']","['Ole Miss', 'Mississippi St.']","[319.0, 336.0]"
263.0,39.0,Brennan Armstrong,Virginia,746,2020-21,1,[10],['11/21/2020'],['Abilene Christian'],[383.0]
263.0,39.0,Sam Hartman,Wake Forest,749,2020-21,1,[9],['12/30/2020'],['Wisconsin'],[318.0]
263.0,39.0,Jayden de Laura,Washington St.,754,2020-21,1,[3],['11/14/2020'],['Oregon'],[321.0]
22.0,5.0,Jarret Doege,West Virginia,768,2020-21,4,"[4, 5, 6, 7]","['10/24/2020', '10/17/2020', '10/31/2020', '11/07/2020']","['Texas Tech', 'Kansas', 'Kansas St.', 'Texas']","[347.0, 318.0, 301.0, 317.0]"
263.0,39.0,Kaleb Eleby,Western Mich.,774,2020-21,1,[5],['11/18/2020'],['Central Mich.'],[382.0]
263.0,39.0,Levi Williams,Wyoming,811,2020-21,1,[6],['11/05/2020'],['Colorado St.'],[321.0]
263.0,39.0,Malik Willis,Liberty,355,2020-21,1,[8],['11/14/2020'],['Western Caro.'],[306.0]
85.0,15.0,Tyler Johnston III,UAB,9,2019-20,2,"[2, 3]","['09/07/2019', '09/21/2019']","['Akron', 'South Alabama']","[319.0, 313.0]"
263.0,47.0,Kato Nelson,Akron,5,2019-20,1,[2],['09/07/2019'],['UAB'],[359.0]
85.0,15.0,Mac Jones,Alabama,8,2019-20,2,"[12, 13]","['11/30/2019', '01/01/2020']","['Auburn', 'Michigan']","[335.0, 327.0]"
263.0,47.0,Tua Tagovailoa,Alabama,8,2019-20,1,[9],['11/09/2019'],['LSU'],[418.0]
263.0,47.0,Zac Thomas,App State,27,2019-20,1,[12],['11/29/2019'],['Troy'],[326.0]
85.0,15.0,Jayden Daniels,Arizona St.,28,2019-20,2,"[10, 11]","['11/16/2019', '11/23/2019']","['Oregon St.', 'Oregon']","[334.0, 408.0]"
263.0,47.0,Grant Gunnell,Arizona,29,2019-20,1,[4],['09/28/2019'],['UCLA'],[352.0]
263.0,47.0,Khalil Tate,Arizona,29,2019-20,1,[5],['10/05/2019'],['Colorado'],[404.0]
42.0,6.0,Layne Hatcher,Arkansas St.,30,2019-20,3,"[11, 12, 13]","['11/23/2019', '11/29/2019', '12/21/2019']","['Ga. Southern', 'South Alabama', 'FIU']","[354.0, 342.0, 393.0]"
263.0,47.0,Logan Bonner,Arkansas St.,30,2019-20,1,[4],['09/21/2019'],['Southern Ill.'],[320.0]
85.0,15.0,Nick Starkel,Arkansas,31,2019-20,2,"[3, 4]","['09/14/2019', '09/21/2019']","['Colorado St.', 'San Jose St.']","[305.0, 356.0]"
263.0,47.0,Bo Nix,Auburn,37,2019-20,1,[9],['11/02/2019'],['Ole Miss'],[340.0]
42.0,6.0,Drew Plitt,Ball St.,47,2019-20,3,"[2, 3, 4]","['09/07/2019', '09/14/2019', '09/21/2019']","['Fordham', 'Fla. Atlantic', 'NC State']","[439.0, 303.0, 333.0]"
85.0,15.0,Charlie Brewer,Baylor,51,2019-20,2,"[6, 7]","['10/12/2019', '10/19/2019']","['Texas Tech', 'Oklahoma St.']","[352.0, 312.0]"
263.0,47.0,Hank Bachmeier,Boise St.,66,2019-20,1,[1],['08/31/2019'],['Florida St.'],[407.0]
263.0,47.0,Zach Wilson,BYU,77,2019-20,1,[12],['11/30/2019'],['San Diego St.'],[316.0]
263.0,47.0,Jorge Reyna,Fresno St.,96,2019-20,1,[3],['09/21/2019'],['Sacramento St.'],[326.0]
263.0,47.0,Chase Garbers,California,107,2019-20,1,[4],['09/21/2019'],['Ole Miss'],[357.0]
263.0,47.0,Dorian Thompson-Robinson,UCLA,110,2019-20,1,[11],['11/23/2019'],['Southern California'],[367.0]
85.0,15.0,Dillon Gabriel,UCF,128,2019-20,2,"[3, 4]","['09/14/2019', '09/21/2019']","['Stanford', 'Pittsburgh']","[347.0, 338.0]"
263.0,47.0,David Moore,Central Mich.,129,2019-20,1,[5],['09/28/2019'],['Western Mich.'],[330.0]
263.0,47.0,Quinten Dormady,Central Mich.,129,2019-20,1,[11],['11/16/2019'],['Ball St.'],[356.0]
263.0,47.0,Trevor Lawrence,Clemson,147,2019-20,1,[13],['12/07/2019'],['Virginia'],[302.0]
263.0,47.0,Fred Payton,Coastal Carolina,149,2019-20,1,[1],['08/31/2019'],['Eastern Mich.'],[304.0]
85.0,15.0,Collin Hill,Colorado St.,156,2019-20,2,"[1, 2]","['08/30/2019', '09/07/2019']","['Colorado', 'Western Ill.']","[374.0, 367.0]"
85.0,15.0,Patrick O'Brien,Colorado St.,156,2019-20,2,"[7, 8]","['10/11/2019', '10/26/2019']","['New Mexico', 'Fresno St.']","[420.0, 322.0]"
263.0,47.0,Steven Montez,Colorado,157,2019-20,1,[8],['10/25/2019'],['Southern California'],[324.0]
263.0,47.0,Jack Zergiotis,UConn,164,2019-20,1,[11],['11/23/2019'],['East Carolina'],[418.0]
263.0,47.0,Quentin Harris,Duke,193,2019-20,1,[2],['09/07/2019'],['N.C. A&T'],[345.0]
22.0,3.0,Holton Ahlers,East Carolina,196,2019-20,4,"[9, 10, 11, 12]","['11/02/2019', '11/09/2019', '11/23/2019', '11/30/2019']","['Cincinnati', 'SMU', 'UConn', 'Tulsa']","[535.0, 498.0, 374.0, 308.0]"
263.0,47.0,Preston Hutchinson,Eastern Mich.,204,2019-20,1,[7],['10/19/2019'],['Western Mich.'],[357.0]
85.0,15.0,Mike Glass III,Eastern Mich.,204,2019-20,2,"[12, 13]","['11/29/2019', '12/26/2019']","['Kent St.', 'Pittsburgh']","[386.0, 311.0]"
42.0,6.0,Chris Robison,Fla. Atlantic,229,2019-20,3,"[3, 4, 5]","['09/14/2019', '09/21/2019', '09/28/2019']","['Ball St.', 'Wagner', 'Charlotte']","[366.0, 379.0, 312.0]"
263.0,47.0,James Morgan,FIU,231,2019-20,1,[13],['12/21/2019'],['Arkansas St.'],[312.0]
263.0,47.0,Alex Hornibrook,Florida St.,234,2019-20,1,[5],['09/28/2019'],['NC State'],[316.0]
263.0,47.0,James Blackman,Florida St.,234,2019-20,1,[10],['11/09/2019'],['Boston College'],[346.0]
85.0,15.0,Kyle Trask,Florida,235,2019-20,2,"[12, 13]","['11/30/2019', '12/30/2019']","['Florida St.', 'Virginia']","[343.0, 305.0]"
263.0,47.0,Dan Ellington,Georgia St.,254,2019-20,1,[5],['10/05/2019'],['Arkansas St.'],[382.0]
85.0,15.0,Cole McDonald,Hawaii,277,2019-20,2,"[4, 5]","['09/21/2019', '09/28/2019']","['Central Ark.', 'Nevada']","[300.0, 312.0]"
263.0,47.0,Chevan Cordeiro,Hawaii,277,2019-20,1,[10],['11/09/2019'],['San Jose St.'],[309.0]
263.0,47.0,Clayton Tune,Houston,288,2019-20,1,[12],['11/30/2019'],['Navy'],[393.0]
263.0,47.0,Brandon Peters,Illinois,301,2019-20,1,[10],['11/09/2019'],['Michigan St.'],[369.0]
263.0,47.0,Michael Penix Jr.,Indiana,306,2019-20,1,[1],['08/31/2019'],['Ball St.'],[326.0]
263.0,47.0,Peyton Ramsey,Indiana,306,2019-20,1,[12],['11/30/2019'],['Purdue'],[337.0]
85.0,15.0,Brock Purdy,Iowa St.,311,2019-20,2,"[10, 11]","['11/16/2019', '11/23/2019']","['Texas', 'Kansas']","[354.0, 372.0]"
263.0,47.0,Nathan Stanley,Iowa,312,2019-20,1,[11],['11/23/2019'],['Illinois'],[308.0]
85.0,15.0,Carter Stanley,Kansas,328,2019-20,2,"[6, 7]","['10/19/2019', '10/26/2019']","['Texas', 'Texas Tech']","[310.0, 415.0]"
263.0,47.0,Dustin Crum,Kent St.,331,2019-20,1,[11],['11/23/2019'],['Ball St.'],[369.0]
4.0,1.0,Joe Burrow,LSU,365,2019-20,9,"[7, 8, 9, 10, 11, 12, 13, 14, 15]","['10/19/2019', '10/26/2019', '11/09/2019', '11/16/2019', '11/23/2019', '11/30/2019', '12/07/2019', '01/13/2020', '12/28/2019']","['Mississippi St.', 'Auburn', 'Alabama', 'Ole Miss', 'Arkansas', 'Texas A&M', 'Georgia', 'Clemson', 'Oklahoma']","[327.0, 321.0, 393.0, 489.0, 327.0, 352.0, 349.0, 463.0, 493.0]"
85.0,15.0,J'Mar Smith,Louisiana Tech,366,2019-20,2,"[7, 8]","['10/19/2019', '10/26/2019']","['Southern Miss.', 'UTEP']","[325.0, 338.0]"
263.0,47.0,Isaiah Green,Marshall,388,2019-20,1,[5],['10/05/2019'],['Middle Tenn.'],[365.0]
85.0,15.0,Brady White,Memphis,404,2019-20,2,"[9, 10]","['11/02/2019', '11/16/2019']","['SMU', 'Houston']","[350.0, 341.0]"
263.0,47.0,Jarren Williams,Miami (FL),415,2019-20,1,[9],['11/02/2019'],['Florida St.'],[313.0]
263.0,47.0,N'Kosi Perry,Miami (FL),415,2019-20,1,[5],['10/05/2019'],['Virginia Tech'],[422.0]
85.0,15.0,Brian Lewerke,Michigan St.,416,2019-20,2,"[12, 13]","['11/30/2019', '12/27/2019']","['Maryland', 'Wake Forest']","[342.0, 320.0]"
42.0,6.0,Shea Patterson,Michigan,418,2019-20,3,"[10, 11, 12]","['11/16/2019', '11/23/2019', '11/30/2019']","['Michigan St.', 'Indiana', 'Ohio St.']","[384.0, 366.0, 305.0]"
263.0,47.0,Asher O'Hara,Middle Tenn.,419,2019-20,1,[12],['11/30/2019'],['Western Ky.'],[301.0]
85.0,15.0,Tanner Morgan,Minnesota,428,2019-20,2,"[9, 10]","['11/09/2019', '11/16/2019']","['Penn St.', 'Iowa']","[339.0, 368.0]"
263.0,47.0,Kelly Bryant,Missouri,434,2019-20,1,[6],['10/12/2019'],['Ole Miss'],[329.0]
85.0,15.0,Sam Howell,North Carolina,457,2019-20,2,"[9, 10]","['11/02/2019', '11/14/2019']","['Virginia', 'Pittsburgh']","[353.0, 322.0]"
263.0,47.0,Chris Reynolds,Charlotte,458,2019-20,1,[10],['11/09/2019'],['UTEP'],[354.0]
263.0,47.0,Adrian Martinez,Nebraska,463,2019-20,1,[4],['09/21/2019'],['Illinois'],[328.0]
85.0,15.0,Carson Strong,Nevada,466,2019-20,2,"[11, 13]","['11/30/2019', '01/03/2020']","['UNLV', 'Ohio']","[351.0, 402.0]"
263.0,47.0,Malik Henry,Nevada,466,2019-20,1,[5],['10/12/2019'],['San Jose St.'],[352.0]
263.0,47.0,Josh Adkins,New Mexico St.,472,2019-20,1,[10],['11/16/2019'],['UIW'],[316.0]
263.0,47.0,Tevaka Tuioti,New Mexico,473,2019-20,1,[3],['09/21/2019'],['New Mexico St.'],[355.0]
263.0,47.0,Matthew McKay,NC State,490,2019-20,1,[1],['08/31/2019'],['East Carolina'],[308.0]
42.0,6.0,Mason Fine,North Texas,497,2019-20,3,"[7, 8, 9]","['10/19/2019', '10/26/2019', '11/02/2019']","['Middle Tenn.', 'Charlotte', 'UTEP']","[375.0, 394.0, 332.0]"
85.0,15.0,Caleb Evans,ULM,498,2019-20,2,"[11, 12]","['11/23/2019', '11/30/2019']","['Coastal Carolina', 'Louisiana']","[349.0, 330.0]"
263.0,47.0,Ross Bowers,NIU,503,2019-20,1,[6],['10/12/2019'],['Ohio'],[338.0]
263.0,47.0,Ian Book,Notre Dame,513,2019-20,1,[8],['11/02/2019'],['Virginia Tech'],[336.0]
263.0,47.0,Justin Fields,Ohio St.,518,2019-20,1,[14],['12/28/2019'],['Clemson'],[320.0]
263.0,47.0,Nathan Rourke,Ohio,519,2019-20,1,[12],['11/26/2019'],['Akron'],[308.0]
85.0,15.0,Jalen Hurts,Oklahoma,522,2019-20,2,"[7, 8]","['10/19/2019', '10/26/2019']","['West Virginia', 'Kansas St.']","[316.0, 395.0]"
263.0,47.0,Hayden Wolff,Old Dominion,523,2019-20,1,[11],['11/23/2019'],['Middle Tenn.'],[321.0]
263.0,47.0,Jake Luton,Oregon St.,528,2019-20,1,[11],['11/23/2019'],['Washington St.'],[408.0]
85.0,15.0,Justin Herbert,Oregon,529,2019-20,2,"[9, 10]","['11/16/2019', '11/23/2019']","['Arizona', 'Arizona St.']","[333.0, 304.0]"
263.0,47.0,Sean Clifford,Penn St.,539,2019-20,1,[9],['11/09/2019'],['Minnesota'],[340.0]
85.0,15.0,Kenny Pickett,Pittsburgh,545,2019-20,2,"[12, 13]","['11/30/2019', '12/26/2019']","['Boston College', 'Eastern Mich.']","[323.0, 361.0]"
85.0,15.0,Elijah Sindelar,Purdue,559,2019-20,2,"[1, 2]","['08/30/2019', '09/07/2019']","['Nevada', 'Vanderbilt']","[423.0, 509.0]"
263.0,47.0,Aidan O'Connell,Purdue,559,2019-20,1,[12],['11/30/2019'],['Indiana'],[408.0]
85.0,15.0,Jack Plummer,Purdue,559,2019-20,2,"[6, 7]","['10/12/2019', '10/19/2019']","['Maryland', 'Iowa']","[420.0, 327.0]"
263.0,47.0,Artur Sitkowski,Rutgers,587,2019-20,1,[3],['09/21/2019'],['Boston College'],[304.0]
263.0,47.0,McLane Carter,Rutgers,587,2019-20,1,[1],['08/30/2019'],['Massachusetts'],[340.0]
263.0,47.0,Ryan Agnew,San Diego St.,626,2019-20,1,[10],['11/15/2019'],['Fresno St.'],[323.0]
22.0,3.0,Josh Love,San Jose St.,630,2019-20,4,"[8, 9, 10, 11]","['10/26/2019', '11/02/2019', '11/09/2019', '11/23/2019']","['Army West Point', 'Boise St.', 'Hawaii', 'UNLV']","[314.0, 438.0, 375.0, 465.0]"
263.0,47.0,Ryan Hilinski,South Carolina,648,2019-20,1,[10],['11/09/2019'],['App State'],[325.0]
263.0,47.0,Matt Fink,Southern California,657,2019-20,1,[4],['09/20/2019'],['Utah'],[351.0]
42.0,6.0,Kedon Slovis,Southern California,657,2019-20,3,"[10, 11, 12]","['11/09/2019', '11/16/2019', '11/23/2019']","['Arizona St.', 'California', 'UCLA']","[432.0, 406.0, 515.0]"
85.0,15.0,Shane Buechele,SMU,663,2019-20,2,"[9, 10]","['11/02/2019', '11/09/2019']","['Memphis', 'East Carolina']","[456.0, 414.0]"
42.0,6.0,Jack Abraham,Southern Miss.,664,2019-20,3,"[5, 6, 7]","['09/28/2019', '10/12/2019', '10/19/2019']","['UTEP', 'North Texas', 'Louisiana Tech']","[351.0, 421.0, 327.0]"
263.0,47.0,Tyler Vitt,Texas St.,670,2019-20,1,[9],['11/09/2019'],['South Alabama'],[373.0]
263.0,47.0,Gresch Jensen,Texas St.,670,2019-20,1,[2],['09/07/2019'],['Wyoming'],[394.0]
263.0,47.0,Levi Lewis,Louisiana,671,2019-20,1,[13],['12/07/2019'],['App State'],[354.0]
263.0,47.0,K.J. Costello,Stanford,674,2019-20,1,[8],['10/26/2019'],['Arizona'],[322.0]
263.0,47.0,Davis Mills,Stanford,674,2019-20,1,[10],['11/16/2019'],['Washington St.'],[504.0]
263.0,47.0,Tommy Devito,Syracuse,688,2019-20,1,[6],['10/10/2019'],['NC State'],[300.0]
263.0,47.0,Anthony Russo,Temple,690,2019-20,1,[1],['08/31/2019'],['Bucknell'],[409.0]
263.0,47.0,Jarrett Guarantano,Tennessee,694,2019-20,1,[11],['11/23/2019'],['Missouri'],[415.0]
85.0,15.0,Kellen Mond,Texas A&M,697,2019-20,2,"[3, 4]","['09/14/2019', '09/21/2019']","['Lamar University', 'Auburn']","[317.0, 335.0]"
263.0,47.0,Max Duggan,TCU,698,2019-20,1,[10],['11/16/2019'],['Texas Tech'],[323.0]
263.0,47.0,Alan Bowman,Texas Tech,700,2019-20,1,[3],['09/14/2019'],['Arizona'],[307.0]
22.0,3.0,Jett Duffey,Texas Tech,700,2019-20,4,"[9, 10, 11, 12]","['11/09/2019', '11/16/2019', '11/23/2019', '11/29/2019']","['West Virginia', 'TCU', 'Kansas St.', 'Texas']","[354.0, 333.0, 334.0, 399.0]"
85.0,15.0,Sam Ehlinger,Texas,703,2019-20,2,"[7, 8]","['10/19/2019', '10/26/2019']","['Kansas', 'TCU']","[399.0, 321.0]"
263.0,47.0,Kai Locksley,UTEP,704,2019-20,1,[10],['11/23/2019'],['New Mexico St.'],[358.0]
263.0,47.0,Lowell Narcisse,UTSA,706,2019-20,1,[10],['11/16/2019'],['Southern Miss.'],[325.0]
263.0,47.0,Eli Peters,Toledo,709,2019-20,1,[10],['11/13/2019'],['NIU'],[300.0]
42.0,6.0,Kaleb Barker,Troy,716,2019-20,3,"[7, 8, 9]","['10/26/2019', '11/02/2019', '11/09/2019']","['Georgia St.', 'Coastal Carolina', 'Ga. Southern']","[421.0, 385.0, 330.0]"
85.0,15.0,Zach Smith,Tulsa,719,2019-20,2,"[11, 12]","['11/23/2019', '11/30/2019']","['Houston', 'East Carolina']","[381.0, 331.0]"
263.0,47.0,Donald Hammond III,Air Force,721,2019-20,1,[10],['11/23/2019'],['New Mexico'],[327.0]
85.0,15.0,Jordan Love,Utah St.,731,2019-20,2,"[8, 9]","['11/02/2019', '11/09/2019']","['BYU', 'Fresno St.']","[394.0, 388.0]"
263.0,47.0,Tyler Huntley,Utah,732,2019-20,1,[10],['11/16/2019'],['UCLA'],[335.0]
263.0,47.0,Riley Neal,Vanderbilt,736,2019-20,1,[2],['09/07/2019'],['Purdue'],[378.0]
263.0,47.0,Ryan Willis,Virginia Tech,742,2019-20,1,[1],['08/31/2019'],['Boston College'],[344.0]
263.0,47.0,Hendon Hooker,Virginia Tech,742,2019-20,1,[12],['11/29/2019'],['Virginia'],[311.0]
263.0,47.0,Bryce Perkins,Virginia,746,2019-20,1,[14],['12/30/2019'],['Florida'],[323.0]
85.0,15.0,Sam Hartman,Wake Forest,749,2019-20,2,"[7, 12]","['10/19/2019', '11/30/2019']","['Florida St.', 'Syracuse']","[308.0, 350.0]"
85.0,15.0,Jamie Newman,Wake Forest,749,2019-20,2,"[1, 2]","['08/30/2019', '09/06/2019']","['Utah St.', 'Rice']","[401.0, 312.0]"
5.0,2.0,Anthony Gordon,Washington St.,754,2019-20,8,"[6, 7, 8, 9, 10, 11, 12, 13]","['10/12/2019', '10/19/2019', '10/26/2019', '11/09/2019', '11/16/2019', '11/23/2019', '11/29/2019', '12/27/2019']","['Arizona St.', 'Colorado', 'Oregon', 'California', 'Stanford', 'Oregon St.', 'Washington', 'Air Force']","[466.0, 369.0, 406.0, 407.0, 520.0, 606.0, 308.0, 351.0]"
263.0,47.0,Jacob Eason,Washington,756,2019-20,1,[12],['08/31/2019'],['Eastern Wash.'],[349.0]
263.0,47.0,Jarret Doege,West Virginia,768,2019-20,1,[11],['11/23/2019'],['Oklahoma St.'],[307.0]
263.0,47.0,Austin Kendall,West Virginia,768,2019-20,1,[9],['11/09/2019'],['Texas Tech'],[355.0]
263.0,47.0,Ty Storey,Western Ky.,772,2019-20,1,[13],['12/30/2019'],['Western Mich.'],[358.0]
263.0,47.0,Steven Duncan,Western Ky.,772,2019-20,1,[1],['08/29/2019'],['Central Ark.'],[304.0]
263.0,47.0,Jon Wassink,Western Mich.,774,2019-20,1,[11],['11/12/2019'],['Ohio'],[322.0]
263.0,47.0,Jack Coan,Wisconsin,796,2019-20,1,[2],['09/07/2019'],['Central Mich.'],[363.0]
42.0,6.0,Stephen Calvert,Liberty,355,2019-20,3,"[3, 4, 5]","['09/14/2019', '09/21/2019', '09/28/2019']","['Buffalo', 'Hampton', 'New Mexico']","[325.0, 319.0, 306.0]"
263.0,47.0,Tyler Johnston III,UAB,9,2018-19,1,[14],['12/18/2018'],['NIU'],[373.0]
263.0,47.0,Kato Nelson,Akron,5,2018-19,1,[11],['11/23/2018'],['Ohio'],[356.0]
85.0,13.0,Tua Tagovailoa,Alabama,8,2018-19,2,"[11, 12]","['11/17/2018', '11/24/2018']","['The Citadel', 'Auburn']","[340.0, 324.0]"
85.0,13.0,Manny Wilkins,Arizona St.,28,2018-19,2,"[2, 3]","['09/08/2018', '09/15/2018']","['Michigan St.', 'San Diego St.']","[380.0, 341.0]"
85.0,13.0,Khalil Tate,Arizona,29,2018-19,2,"[2, 3]","['09/08/2018', '09/15/2018']","['Houston', 'Southern Utah']","[341.0, 349.0]"
263.0,47.0,Justice Hansen,Arkansas St.,30,2018-19,1,[9],['11/03/2018'],['South Alabama'],[332.0]
263.0,47.0,Jarrett Stidham,Auburn,37,2018-19,1,[13],['12/28/2018'],['Purdue'],[373.0]
263.0,47.0,Drew Plitt,Ball St.,47,2018-19,1,[10],['10/31/2018'],['Toledo'],[340.0]
263.0,47.0,Riley Neal,Ball St.,47,2018-19,1,[5],['09/29/2018'],['Kent St.'],[402.0]
85.0,13.0,Charlie Brewer,Baylor,51,2018-19,2,"[12, 13]","['11/24/2018', '12/27/2018']","['Texas Tech', 'Vanderbilt']","[308.0, 384.0]"
22.0,4.0,Brett Rypien,Boise St.,66,2018-19,4,"[1, 2, 3, 4]","['09/01/2018', '09/08/2018', '09/15/2018', '09/29/2018']","['Troy', 'UConn', 'Oklahoma St.', 'Wyoming']","[305.0, 362.0, 380.0, 342.0]"
263.0,47.0,Anthony Brown,Boston College,67,2018-19,1,[3],['09/13/2018'],['Wake Forest'],[304.0]
263.0,47.0,Jarret Doege,Bowling Green,71,2018-19,1,[7],['10/13/2018'],['Western Mich.'],[379.0]
263.0,47.0,Zach Wilson,BYU,77,2018-19,1,[13],['12/21/2018'],['Western Mich.'],[317.0]
85.0,13.0,Tyree Jackson,Buffalo,86,2018-19,2,"[8, 9]","['10/20/2018', '10/30/2018']","['Toledo', 'Miami (OH)']","[326.0, 358.0]"
263.0,47.0,Marcus McMaryion,Fresno St.,96,2018-19,1,[12],['11/24/2018'],['San Jose St.'],[317.0]
263.0,47.0,Brandon McIlwain,California,107,2018-19,1,[5],['10/06/2018'],['Arizona'],[315.0]
263.0,47.0,Wilton Speight,UCLA,110,2018-19,1,[11],['11/24/2018'],['Stanford'],[466.0]
263.0,47.0,D.J. Mack Jr.,UCF,128,2018-19,1,[12],['12/01/2018'],['Memphis'],[348.0]
85.0,13.0,McKenzie Milton,UCF,128,2018-19,2,"[3, 4]","['09/21/2018', '09/29/2018']","['Fla. Atlantic', 'Pittsburgh']","[306.0, 328.0]"
263.0,47.0,Desmond Ridder,Cincinnati,140,2018-19,1,[12],['11/23/2018'],['East Carolina'],[335.0]
85.0,13.0,Trevor Lawrence,Clemson,147,2018-19,2,"[14, 15]","['12/29/2018', '01/07/2019']","['Notre Dame', 'Alabama']","[327.0, 347.0]"
263.0,47.0,K.J. Carta-Samuels,Colorado St.,156,2018-19,1,[7],['10/13/2018'],['New Mexico'],[311.0]
263.0,47.0,Collin Hill,Colorado St.,156,2018-19,1,[9],['10/26/2018'],['Wyoming'],[333.0]
85.0,13.0,Steven Montez,Colorado,157,2018-19,2,"[8, 9]","['10/27/2018', '11/02/2018']","['Oregon St.', 'Arizona']","[319.0, 343.0]"
263.0,47.0,David Pindell,UConn,164,2018-19,1,[3],['09/15/2018'],['Rhode Island'],[319.0]
263.0,47.0,Daniel Jones,Duke,193,2018-19,1,[13],['12/27/2018'],['Temple'],[423.0]
42.0,6.0,Holton Ahlers,East Carolina,196,2018-19,3,"[7, 8, 9]","['10/20/2018', '11/03/2018', '11/10/2018']","['UCF', 'Memphis', 'Tulane']","[406.0, 449.0, 360.0]"
263.0,47.0,Reid Herring,East Carolina,196,2018-19,1,[4],['09/29/2018'],['Old Dominion'],[309.0]
263.0,47.0,Tyler Wiegers,Eastern Mich.,204,2018-19,1,[2],['09/08/2018'],['Purdue'],[312.0]
263.0,47.0,Chris Robison,Fla. Atlantic,229,2018-19,1,[11],['09/08/2018'],['Air Force'],[471.0]
85.0,13.0,James Morgan,FIU,231,2018-19,2,"[5, 6]","['09/29/2018', '10/13/2018']","['Ark.-Pine Bluff', 'Middle Tenn.']","[341.0, 311.0]"
263.0,47.0,James Blackman,Florida St.,234,2018-19,1,[9],['11/03/2018'],['NC State'],[421.0]
263.0,47.0,Deondre Francois,Florida St.,234,2018-19,1,[11],['11/17/2018'],['Boston College'],[322.0]
263.0,47.0,Jake Fromm,Georgia,257,2018-19,1,[13],['12/01/2018'],['Alabama'],[301.0]
22.0,4.0,Cole McDonald,Hawaii,277,2018-19,4,"[1, 2, 3, 4]","['08/25/2018', '09/01/2018', '09/08/2018', '09/15/2018']","['Colorado St.', 'Navy', 'Rice', 'Army West Point']","[418.0, 428.0, 319.0, 321.0]"
85.0,13.0,D'Eriq King,Houston,288,2018-19,2,"[7, 8]","['10/20/2018', '10/27/2018']","['Navy', 'South Fla.']","[413.0, 419.0]"
263.0,47.0,Peyton Ramsey,Indiana,306,2018-19,1,[12],['11/24/2018'],['Purdue'],[345.0]
263.0,47.0,Brock Purdy,Iowa St.,311,2018-19,1,[13],['12/28/2018'],['Washington St.'],[315.0]
263.0,47.0,Zeb Noland,Iowa St.,311,2018-19,1,[2],['09/15/2018'],['Oklahoma'],[360.0]
85.0,13.0,Nathan Stanley,Iowa,312,2018-19,2,"[5, 6]","['10/06/2018', '10/13/2018']","['Minnesota', 'Indiana']","[314.0, 320.0]"
263.0,47.0,Woody Barrett,Kent St.,331,2018-19,1,[4],['09/29/2018'],['Ball St.'],[314.0]
263.0,47.0,Joe Burrow,LSU,365,2018-19,1,[13],['01/01/2019'],['UCF'],[394.0]
85.0,13.0,J'Mar Smith,Louisiana Tech,366,2018-19,2,"[2, 3]","['09/08/2018', '09/22/2018']","['Southern U.', 'LSU']","[380.0, 330.0]"
263.0,47.0,Jawon Pass,Louisville,367,2018-19,1,[8],['10/27/2018'],['Wake Forest'],[358.0]
263.0,47.0,Isaiah Green,Marshall,388,2018-19,1,[10],['11/17/2018'],['UTSA'],[387.0]
263.0,47.0,Andrew Ford,Massachusetts,400,2018-19,1,[8],['10/20/2018'],['Coastal Carolina'],[326.0]
263.0,47.0,Ross Comis,Massachusetts,400,2018-19,1,[10],['11/03/2018'],['Liberty'],[540.0]
263.0,47.0,Brady White,Memphis,404,2018-19,1,[9],['11/03/2018'],['East Carolina'],[362.0]
85.0,13.0,Gus Ragland,Miami (OH),414,2018-19,2,"[8, 9]","['10/20/2018', '10/30/2018']","['Army West Point', 'Buffalo']","[329.0, 313.0]"
263.0,47.0,Rocky Lombardi,Michigan St.,416,2018-19,1,[8],['10/27/2018'],['Purdue'],[318.0]
263.0,47.0,Brian Lewerke,Michigan St.,416,2018-19,1,[5],['10/06/2018'],['Northwestern'],[329.0]
85.0,13.0,Brent Stockstill,Middle Tenn.,419,2018-19,2,"[13, 14]","['12/01/2018', '12/15/2018']","['UAB', 'App State']","[362.0, 330.0]"
263.0,47.0,Tanner Morgan,Minnesota,428,2018-19,1,[8],['10/26/2018'],['Indiana'],[302.0]
263.0,47.0,Keytaon Thompson,Mississippi St.,430,2018-19,1,[1],['09/01/2018'],['SFA'],[364.0]
8.0,2.0,Jordan Ta'amu,Ole Miss,433,2018-19,6,"[6, 7, 8, 9, 10, 11]","['10/06/2018', '10/13/2018', '10/20/2018', '11/03/2018', '11/10/2018', '11/17/2018']","['ULM', 'Arkansas', 'Auburn', 'South Carolina', 'Texas A&M', 'Vanderbilt']","[374.0, 387.0, 324.0, 379.0, 373.0, 457.0]"
85.0,13.0,Drew Lock,Missouri,434,2018-19,2,"[2, 3]","['09/08/2018', '09/15/2018']","['Wyoming', 'Purdue']","[398.0, 375.0]"
263.0,47.0,Nathan Elliott,North Carolina,457,2018-19,1,[10],['11/17/2018'],['Western Caro.'],[308.0]
85.0,13.0,Adrian Martinez,Nebraska,463,2018-19,2,"[4, 5]","['09/29/2018', '10/06/2018']","['Purdue', 'Wisconsin']","[323.0, 384.0]"
263.0,47.0,Max Gilliam,UNLV,465,2018-19,1,[7],['10/27/2018'],['San Jose St.'],[387.0]
85.0,13.0,Ty Gangi,Nevada,466,2018-19,2,"[10, 11]","['11/10/2018', '11/17/2018']","['Colorado St.', 'San Jose St.']","[404.0, 314.0]"
263.0,47.0,Josh Adkins,New Mexico St.,472,2018-19,1,[12],['11/24/2018'],['Liberty'],[313.0]
263.0,47.0,Sheriron Jones,New Mexico,473,2018-19,1,[4],['09/29/2018'],['Liberty'],[312.0]
263.0,47.0,Tevaka Tuioti,New Mexico,473,2018-19,1,[1],['09/01/2018'],['UIW'],[327.0]
42.0,6.0,Ryan Finley,NC State,490,2018-19,3,"[1, 2, 3]","['09/01/2018', '09/08/2018', '09/22/2018']","['James Madison', 'Georgia St.', 'Marshall']","[309.0, 370.0, 377.0]"
85.0,13.0,Mason Fine,North Texas,497,2018-19,2,"[8, 9]","['10/20/2018', '10/27/2018']","['UAB', 'Rice']","[336.0, 333.0]"
85.0,13.0,Caleb Evans,ULM,498,2018-19,2,"[8, 9]","['11/03/2018', '11/10/2018']","['Ga. Southern', 'South Alabama']","[337.0, 367.0]"
263.0,47.0,Marcus Childers,NIU,503,2018-19,1,[13],['11/30/2018'],['Buffalo'],[300.0]
85.0,13.0,Clayton Thorson,Northwestern,509,2018-19,2,"[5, 6]","['10/06/2018', '10/13/2018']","['Michigan St.', 'Nebraska']","[373.0, 455.0]"
85.0,13.0,Ian Book,Notre Dame,513,2018-19,2,"[8, 9]","['10/27/2018', '11/03/2018']","['Navy', 'Northwestern']","[330.0, 343.0]"
42.0,6.0,Dwayne Haskins,Ohio St.,518,2018-19,3,"[11, 12, 13]","['11/17/2018', '11/24/2018', '12/01/2018']","['Maryland', 'Michigan', 'Northwestern']","[405.0, 396.0, 499.0]"
85.0,13.0,Taylor Cornelius,Oklahoma St.,521,2018-19,2,"[10, 11]","['11/10/2018', '11/17/2018']","['Oklahoma', 'West Virginia']","[501.0, 338.0]"
42.0,6.0,Kyler Murray,Oklahoma,522,2018-19,3,"[12, 13, 14]","['11/23/2018', '12/01/2018', '12/29/2018']","['West Virginia', 'Texas', 'Alabama']","[364.0, 379.0, 308.0]"
42.0,6.0,Blake LaRussa,Old Dominion,523,2018-19,3,"[8, 9, 10]","['10/20/2018', '10/27/2018', '11/10/2018']","['Western Ky.', 'Middle Tenn.', 'North Texas']","[327.0, 333.0, 301.0]"
85.0,13.0,Jake Luton,Oregon St.,528,2018-19,2,"[8, 9]","['10/27/2018', '11/03/2018']","['Colorado', 'Southern California']","[310.0, 301.0]"
85.0,13.0,Justin Herbert,Oregon,529,2018-19,2,"[3, 4]","['09/15/2018', '09/22/2018']","['San Jose St.', 'Stanford']","[309.0, 346.0]"
263.0,47.0,Kenny Pickett,Pittsburgh,545,2018-19,1,[11],['11/17/2018'],['Wake Forest'],[316.0]
42.0,6.0,David Blough,Purdue,559,2018-19,3,"[5, 6, 7]","['09/29/2018', '10/13/2018', '10/20/2018']","['Nebraska', 'Illinois', 'Ohio St.']","[328.0, 377.0, 378.0]"
263.0,47.0,Wiley Green,Rice,574,2018-19,1,[10],['11/03/2018'],['UTEP'],[313.0]
263.0,47.0,Michael Carrillo,San Jose St.,630,2018-19,1,[12],['11/24/2018'],['Fresno St.'],[302.0]
263.0,47.0,Josh Love,San Jose St.,630,2018-19,1,[8],['10/27/2018'],['UNLV'],[335.0]
263.0,47.0,Evan Orth,South Alabama,646,2018-19,1,[4],['09/22/2018'],['Memphis'],[360.0]
85.0,13.0,Jake Bentley,South Carolina,648,2018-19,2,"[10, 11]","['11/17/2018', '11/24/2018']","['Chattanooga', 'Clemson']","[339.0, 510.0]"
263.0,47.0,Blake Barnett,South Fla.,651,2018-19,1,[9],['11/03/2018'],['Tulane'],[338.0]
85.0,13.0,JT Daniels,Southern California,657,2018-19,2,"[11, 12]","['11/17/2018', '11/24/2018']","['UCLA', 'Notre Dame']","[337.0, 349.0]"
85.0,13.0,Ben Hicks,SMU,663,2018-19,2,"[11, 12]","['11/16/2018', '11/24/2018']","['Memphis', 'Tulsa']","[344.0, 319.0]"
263.0,47.0,William Brown,SMU,663,2018-19,1,[5],['09/29/2018'],['Houston Christian'],[309.0]
85.0,13.0,Jack Abraham,Southern Miss.,664,2018-19,2,"[2, 3]","['09/08/2018', '09/22/2018']","['ULM', 'Rice']","[378.0, 428.0]"
263.0,47.0,Willie Jones III,Texas St.,670,2018-19,1,[9],['11/03/2018'],['Georgia St.'],[325.0]
263.0,47.0,Andre Nunez,Louisiana,671,2018-19,1,[6],['10/13/2018'],['New Mexico St.'],[315.0]
42.0,6.0,K.J. Costello,Stanford,674,2018-19,3,"[8, 9, 10]","['10/27/2018', '11/03/2018', '11/10/2018']","['Washington St.', 'Washington', 'Oregon St.']","[323.0, 347.0, 342.0]"
85.0,13.0,Eric Dungey,Syracuse,688,2018-19,2,"[12, 13]","['11/24/2018', '12/28/2018']","['Boston College', 'West Virginia']","[362.0, 303.0]"
263.0,47.0,Anthony Russo,Temple,690,2018-19,1,[9],['11/01/2018'],['UCF'],[444.0]
263.0,47.0,Jarrett Guarantano,Tennessee,694,2018-19,1,[6],['10/13/2018'],['Auburn'],[328.0]
263.0,47.0,Kellen Mond,Texas A&M,697,2018-19,1,[7],['10/13/2018'],['South Carolina'],[353.0]
263.0,47.0,Shawn Robinson,TCU,698,2018-19,1,[3],['09/15/2018'],['Ohio St.'],[308.0]
263.0,47.0,Mike Collins,TCU,698,2018-19,1,[8],['10/27/2018'],['Kansas'],[351.0]
85.0,13.0,Alan Bowman,Texas Tech,700,2018-19,2,"[7, 8]","['10/20/2018', '10/27/2018']","['Kansas', 'Iowa St.']","[408.0, 323.0]"
263.0,47.0,Jett Duffey,Texas Tech,700,2018-19,1,[10],['11/10/2018'],['Texas'],[444.0]
85.0,13.0,Sam Ehlinger,Texas,703,2018-19,2,"[9, 10]","['11/03/2018', '11/10/2018']","['West Virginia', 'Texas Tech']","[354.0, 312.0]"
263.0,47.0,Ryan Metz,UTEP,704,2018-19,1,[6],['10/06/2018'],['North Texas'],[313.0]
263.0,47.0,Brandon Jones,UTEP,704,2018-19,1,[11],['11/17/2018'],['Western Ky.'],[340.0]
263.0,47.0,Eli Peters,Toledo,709,2018-19,1,[9],['10/31/2018'],['Ball St.'],[327.0]
263.0,47.0,Sawyer Smith,Troy,716,2018-19,1,[13],['12/22/2018'],['Buffalo'],[320.0]
263.0,47.0,J. McMILLAN,Tulane,718,2018-19,1,[10],['11/10/2018'],['East Carolina'],[372.0]
85.0,13.0,Jordan Love,Utah St.,731,2018-19,2,"[12, 13]","['11/24/2018', '12/15/2018']","['Boise St.', 'North Texas']","[363.0, 359.0]"
263.0,47.0,Tyler Huntley,Utah,732,2018-19,1,[7],['10/20/2018'],['Southern California'],[341.0]
263.0,47.0,Jason Shelley,Utah,732,2018-19,1,[14],['12/31/2018'],['Northwestern'],[302.0]
263.0,47.0,Kyle Shurmur,Vanderbilt,736,2018-19,1,[12],['11/24/2018'],['Tennessee'],[367.0]
85.0,13.0,Ryan Willis,Virginia Tech,742,2018-19,2,"[4, 5]","['09/29/2018', '10/06/2018']","['Duke', 'Notre Dame']","[332.0, 309.0]"
263.0,47.0,Bryce Perkins,Virginia,746,2018-19,1,[3],['09/15/2018'],['Ohio'],[379.0]
263.0,47.0,Sam Hartman,Wake Forest,749,2018-19,1,[1],['08/30/2018'],['Tulane'],[378.0]
263.0,47.0,Jamie Newman,Wake Forest,749,2018-19,1,[13],['12/22/2018'],['Memphis'],[328.0]
1.0,1.0,Gardner Minshew II,Washington St.,754,2018-19,11,"[1, 2, 3, 4, 5, 6, 7, 8, 9, 10, 11]","['09/01/2018', '09/08/2018', '09/15/2018', '09/21/2018', '09/29/2018', '10/06/2018', '10/20/2018', '10/27/2018', '11/03/2018', '11/10/2018', '11/17/2018']","['Wyoming', 'San Jose St.', 'Eastern Wash.', 'Southern California', 'Utah', 'Oregon St.', 'Oregon', 'Stanford', 'California', 'Colorado', 'Arizona']","[319.0, 414.0, 470.0, 344.0, 445.0, 430.0, 323.0, 438.0, 337.0, 335.0, 473.0]"
263.0,47.0,Jake Browning,Washington,756,2018-19,1,[14],['01/01/2019'],['Ohio St.'],[313.0]
14.0,3.0,Will Grier,West Virginia,768,2018-19,5,"[7, 8, 9, 10, 11]","['10/25/2018', '11/03/2018', '11/10/2018', '11/17/2018', '11/23/2018']","['Baylor', 'Texas', 'TCU', 'Oklahoma St.', 'Oklahoma']","[353.0, 346.0, 343.0, 364.0, 539.0]"
263.0,47.0,Drew Eckels,Western Ky.,772,2018-19,1,[2],['09/08/2018'],['Maine'],[347.0]
263.0,47.0,Jon Wassink,Western Mich.,774,2018-19,1,[5],['09/29/2018'],['Miami (OH)'],[439.0]
85.0,13.0,Stephen Calvert,Liberty,355,2018-19,2,"[5, 6]","['09/29/2018', '10/06/2018']","['New Mexico', 'New Mexico St.']","[417.0, 365.0]"
